instrument_name,answer_list_name,value,label,study,questionnaire,answer_list
W36,1-7-zustimmung,1,stimme überhaupt nicht zu,gip,W36,1-7-zustimmung
W36,1-7-zustimmung,2,stimme nicht zu,gip,W36,1-7-zustimmung
W36,1-7-zustimmung,3,stimme eher nicht zu,gip,W36,1-7-zustimmung
W36,1-7-zustimmung,4,teils-teils,gip,W36,1-7-zustimmung
W36,1-7-zustimmung,5,stimme eher zu,gip,W36,1-7-zustimmung
W36,1-7-zustimmung,6,stimme zu,gip,W36,1-7-zustimmung
W36,1-7-zustimmung,7,stimme voll und ganz zu,gip,W36,1-7-zustimmung
W36,1-13-wahlentscheidung,1,Christlich Demokratische Union/Christlich Soziale Union (CDU/CSU) ,gip,W36,1-13-wahlentscheidung
W36,1-13-wahlentscheidung,2,Sozialdemokratische Partei Deutschlands (SPD) ,gip,W36,1-13-wahlentscheidung
W36,1-13-wahlentscheidung,3,Alternative für Deutschland (AfD) ,gip,W36,1-13-wahlentscheidung
W36,1-13-wahlentscheidung,4,Freie Demokratische Partei (FDP) ,gip,W36,1-13-wahlentscheidung
W36,1-13-wahlentscheidung,5,Die Linke (Linke),gip,W36,1-13-wahlentscheidung
W36,1-13-wahlentscheidung,6,Bündnis 90 / Die Grünen (Grüne),gip,W36,1-13-wahlentscheidung
W36,1-13-wahlentscheidung,7,Freie Wähler (FW),gip,W36,1-13-wahlentscheidung
W36,1-13-wahlentscheidung,8,Die PARTEI,gip,W36,1-13-wahlentscheidung
W36,1-13-wahlentscheidung,9,Nationaldemokratische Partei Deutschlands (NPD),gip,W36,1-13-wahlentscheidung
W36,1-13-wahlentscheidung,10,Piratenpartei Deutschland (Piraten) ,gip,W36,1-13-wahlentscheidung
W36,1-13-wahlentscheidung,11,Die Republikaner (REP),gip,W36,1-13-wahlentscheidung
W36,1-13-wahlentscheidung,12,andere Partei,gip,W36,1-13-wahlentscheidung
W36,1-13-wahlentscheidung,13,Würde nicht wählen,gip,W36,1-13-wahlentscheidung
W36,1-13-wahlentscheidung,-99,weiß nicht,gip,W36,1-13-wahlentscheidung
W36,1-11-vorantreiben,1,weiter vorantreiben,gip,W36,1-11-vorantreiben
W36,1-11-vorantreiben,2,,gip,W36,1-11-vorantreiben
W36,1-11-vorantreiben,3,,gip,W36,1-11-vorantreiben
W36,1-11-vorantreiben,4,,gip,W36,1-11-vorantreiben
W36,1-11-vorantreiben,5,,gip,W36,1-11-vorantreiben
W36,1-11-vorantreiben,6,,gip,W36,1-11-vorantreiben
W36,1-11-vorantreiben,7,,gip,W36,1-11-vorantreiben
W36,1-11-vorantreiben,8,,gip,W36,1-11-vorantreiben
W36,1-11-vorantreiben,9,,gip,W36,1-11-vorantreiben
W36,1-11-vorantreiben,10,,gip,W36,1-11-vorantreiben
W36,1-11-vorantreiben,11,zu weit gegangen,gip,W36,1-11-vorantreiben
W36,1-11-vorantreiben,-99,weiß ich nicht,gip,W36,1-11-vorantreiben
W36,1-13-vorantreiben,1,weiter vorantreiben,gip,W36,1-13-vorantreiben
W36,1-13-vorantreiben,2,,gip,W36,1-13-vorantreiben
W36,1-13-vorantreiben,3,,gip,W36,1-13-vorantreiben
W36,1-13-vorantreiben,4,,gip,W36,1-13-vorantreiben
W36,1-13-vorantreiben,5,,gip,W36,1-13-vorantreiben
W36,1-13-vorantreiben,6,,gip,W36,1-13-vorantreiben
W36,1-13-vorantreiben,7,,gip,W36,1-13-vorantreiben
W36,1-13-vorantreiben,8,,gip,W36,1-13-vorantreiben
W36,1-13-vorantreiben,9,,gip,W36,1-13-vorantreiben
W36,1-13-vorantreiben,10,,gip,W36,1-13-vorantreiben
W36,1-13-vorantreiben,11,zu weit gegangen,gip,W36,1-13-vorantreiben
W36,1-13-vorantreiben,12,kenne die Partei nicht,gip,W36,1-13-vorantreiben
W36,1-13-vorantreiben,13,"weiß nicht, wo ich die Partei platzieren soll",gip,W36,1-13-vorantreiben
W36,1-13-vorantreiben,-99,weiß ich nicht,gip,W36,1-13-vorantreiben
W36,1-7-zufrieden,1,völlig unzufrieden,gip,W36,1-7-zufrieden
W36,1-7-zufrieden,2,sehr unzufrieden,gip,W36,1-7-zufrieden
W36,1-7-zufrieden,3,ziemlich unzufrieden,gip,W36,1-7-zufrieden
W36,1-7-zufrieden,4,weder unzufrieden noch zufrieden,gip,W36,1-7-zufrieden
W36,1-7-zufrieden,5,ziemlich zufrieden,gip,W36,1-7-zufrieden
W36,1-7-zufrieden,6,sehr zufrieden,gip,W36,1-7-zufrieden
W36,1-7-zufrieden,7,völlig zufrieden,gip,W36,1-7-zufrieden
W36,1-10-zufrieden_v1,0,0 ganz und gar unzufrieden,gip,W36,1-10-zufrieden_v1
W36,1-10-zufrieden_v1,1,1,gip,W36,1-10-zufrieden_v1
W36,1-10-zufrieden_v1,2,2,gip,W36,1-10-zufrieden_v1
W36,1-10-zufrieden_v1,3,3,gip,W36,1-10-zufrieden_v1
W36,1-10-zufrieden_v1,4,4,gip,W36,1-10-zufrieden_v1
W36,1-10-zufrieden_v1,5,5,gip,W36,1-10-zufrieden_v1
W36,1-10-zufrieden_v1,6,6,gip,W36,1-10-zufrieden_v1
W36,1-10-zufrieden_v1,7,7,gip,W36,1-10-zufrieden_v1
W36,1-10-zufrieden_v1,8,8,gip,W36,1-10-zufrieden_v1
W36,1-10-zufrieden_v1,9,9,gip,W36,1-10-zufrieden_v1
W36,1-10-zufrieden_v1,10,10 ganz und gar zufrieden,gip,W36,1-10-zufrieden_v1
W36,1-10-zufrieden_v1,-97,trifft nicht zu,gip,W36,1-10-zufrieden_v1
W36,1-10-zufrieden_v1,-98,Keine Angabe,gip,W36,1-10-zufrieden_v1
W36,1-10-zufrieden_v1,-99,weiß nicht,gip,W36,1-10-zufrieden_v1
W36,1-10-zufrieden_v2,0,0 sehr unzufrieden,gip,W36,1-10-zufrieden_v2
W36,1-10-zufrieden_v2,1,1,gip,W36,1-10-zufrieden_v2
W36,1-10-zufrieden_v2,2,2,gip,W36,1-10-zufrieden_v2
W36,1-10-zufrieden_v2,3,3,gip,W36,1-10-zufrieden_v2
W36,1-10-zufrieden_v2,4,4,gip,W36,1-10-zufrieden_v2
W36,1-10-zufrieden_v2,5,5,gip,W36,1-10-zufrieden_v2
W36,1-10-zufrieden_v2,6,6,gip,W36,1-10-zufrieden_v2
W36,1-10-zufrieden_v2,7,7,gip,W36,1-10-zufrieden_v2
W36,1-10-zufrieden_v2,8,8,gip,W36,1-10-zufrieden_v2
W36,1-10-zufrieden_v2,9,9,gip,W36,1-10-zufrieden_v2
W36,1-10-zufrieden_v2,10,10 sehr zufrieden,gip,W36,1-10-zufrieden_v2
W36,1-10-zufrieden_v2,-97,trifft nicht zu,gip,W36,1-10-zufrieden_v2
W36,1-10-zufrieden_v2,-98,Keine Angabe,gip,W36,1-10-zufrieden_v2
W36,1-10-zufrieden_v2,-99,weiß nicht,gip,W36,1-10-zufrieden_v2
W36,1-5-unterstützen,1,unterstütze ich voll und ganz,gip,W36,1-5-unterstützen
W36,1-5-unterstützen,2,unterstütze ich eher,gip,W36,1-5-unterstützen
W36,1-5-unterstützen,3,weder noch,gip,W36,1-5-unterstützen
W36,1-5-unterstützen,4,lehne ich eher ab,gip,W36,1-5-unterstützen
W36,1-5-unterstützen,5,lehne ich voll und ganz ab,gip,W36,1-5-unterstützen
W36,1-5-unterstützen,-98,Keine Angabe,gip,W36,1-5-unterstützen
W36,1-5-unterstützen,-99,weiß nicht,gip,W36,1-5-unterstützen
W36,1-2-ja-nein,1,ja,gip,W36,1-2-ja-nein
W36,1-2-ja-nein,2,nein,gip,W36,1-2-ja-nein
W36,1-2-ja-nein,-98,Keine Angabe,gip,W36,1-2-ja-nein
W36,1-2-ja-nein,-99,weiß nicht,gip,W36,1-2-ja-nein
W36,1-5-reduzieren-ja,1,ich hätte gerne mehr Zeit für meine Kinder.,gip,W36,1-5-reduzieren-ja
W36,1-5-reduzieren-ja,2,"ich hätte gerne mehr Zeit für die Pflege von Menschen, die mir nahe stehen.",gip,W36,1-5-reduzieren-ja
W36,1-5-reduzieren-ja,3,ich hätte gerne mehr Zeit für mich.,gip,W36,1-5-reduzieren-ja
W36,1-5-reduzieren-ja,4,ich habe gesundheitliche Beschwerden.,gip,W36,1-5-reduzieren-ja
W36,1-5-reduzieren-ja,5,ich habe andere Gründe.,gip,W36,1-5-reduzieren-ja
W36,1-5-reduzieren-ja,-98,Keine Angabe,gip,W36,1-5-reduzieren-ja
W36,1-5-reduzieren-ja,-99,weiß nicht,gip,W36,1-5-reduzieren-ja
W36,1-5-reduzieren-nein,1,ich würde damit meine Karriere gefährden.,gip,W36,1-5-reduzieren-nein
W36,1-5-reduzieren-nein,2,ich könnte es mir finanziell nicht leisten.,gip,W36,1-5-reduzieren-nein
W36,1-5-reduzieren-nein,3,ich bin mit meiner Arbeitszeit zufrieden so wie sie ist.,gip,W36,1-5-reduzieren-nein
W36,1-5-reduzieren-nein,4,ich habe meine Arbeitszeit bereits in der Vergangenheit reduziert oder arbeite mit geringer Stundenzahl.,gip,W36,1-5-reduzieren-nein
W36,1-5-reduzieren-nein,5,ich habe andere Gründe.,gip,W36,1-5-reduzieren-nein
W36,1-5-reduzieren-nein,-98,Keine Angabe,gip,W36,1-5-reduzieren-nein
W36,1-5-reduzieren-nein,-99,weiß nicht,gip,W36,1-5-reduzieren-nein
W36,1-4-verantwortung,1,"Berufstätige sind überwiegend selbst verantwortlich. Sie müssen ihr Privatleben so organisieren, dass sie ihre Verpflichtungen aus dem Berufsleben erfüllen können.",gip,W36,1-4-verantwortung
W36,1-4-verantwortung,2,"Auch Arbeitgeber haben eine Verantwortung dafür, die Arbeitsbedingungen so zu gestalten, dass ihre Angestellten die notwendigen Freiräume und ggf. auch finanzielle Unterstützung durch den Arbeitgeber erhalten.",gip,W36,1-4-verantwortung
W36,1-4-verantwortung,3,Die Tarifparteien müssen entsprechende Regelungen in den Tarifverträgen schaffen und aushandeln wer ggf. entstehende Kosten trägt.,gip,W36,1-4-verantwortung
W36,1-4-verantwortung,4,Die Verantwortung sehe ich vor allem beim Staat. Es müssen bessere Gesetze geschaffen werden und auch die Finanzierung sollte staatlich besser unterstützt werden.,gip,W36,1-4-verantwortung
W36,1-4-verantwortung,-98,Keine Angabe,gip,W36,1-4-verantwortung
W36,1-4-verantwortung,-99,weiß nicht,gip,W36,1-4-verantwortung
W36,1-5-zustimmung,1,ich stimme voll und ganz zu,gip,W36,1-5-zustimmung
W36,1-5-zustimmung,2,ich stimme eher zu,gip,W36,1-5-zustimmung
W36,1-5-zustimmung,3,weder noch,gip,W36,1-5-zustimmung
W36,1-5-zustimmung,4,ich lehne eher ab,gip,W36,1-5-zustimmung
W36,1-5-zustimmung,5,ich lehne voll und ganz ab,gip,W36,1-5-zustimmung
W36,1-5-zustimmung,-98,Keine Angabe,gip,W36,1-5-zustimmung
W36,1-5-zustimmung,-99,weiß nicht,gip,W36,1-5-zustimmung
W36,1-17-tätigkeit,1,Vollzeiterwerbstätig,gip,W36,1-17-tätigkeit
W36,1-17-tätigkeit,2,Teilzeiterwerbstätig,gip,W36,1-17-tätigkeit
W36,1-17-tätigkeit,3,"Altersteilzeit (unabhängig davon, ob in der Arbeits- oder Freistellungsphase befindlich)",gip,W36,1-17-tätigkeit
W36,1-17-tätigkeit,4,"Geringfügig erwerbstätig, 450-Euro-Job, Minijob",gip,W36,1-17-tätigkeit
W36,1-17-tätigkeit,5,„Ein-Euro-Job“ (bei Bezug von Arbeitslosengeld II),gip,W36,1-17-tätigkeit
W36,1-17-tätigkeit,6,Gelegentlich oder unregelmäßig beschäftigt,gip,W36,1-17-tätigkeit
W36,1-17-tätigkeit,7,In einer beruflichen Ausbildung/Lehre,gip,W36,1-17-tätigkeit
W36,1-17-tätigkeit,8,In Umschulung,gip,W36,1-17-tätigkeit
W36,1-17-tätigkeit,9,"Freiwilliger Wehrdienst, Bundesfreiwilligendienst",gip,W36,1-17-tätigkeit
W36,1-17-tätigkeit,10,Freiwilliges Soziales/Ökologisches/Kulturelles Jahr,gip,W36,1-17-tätigkeit
W36,1-17-tätigkeit,11,"Mutterschafts-, Erziehungsurlaub, Elternzeit oder sonstige Beurlaubung 
(Altersteilzeit oben angeben)
",gip,W36,1-17-tätigkeit
W36,1-17-tätigkeit,12,Schüler/-in an einer allgemeinbildenden Schule,gip,W36,1-17-tätigkeit
W36,1-17-tätigkeit,13,Student/-in,gip,W36,1-17-tätigkeit
W36,1-17-tätigkeit,14,"Rentner/-in, Pensionär/-in, im Vorruhestand",gip,W36,1-17-tätigkeit
W36,1-17-tätigkeit,15,Arbeitslos,gip,W36,1-17-tätigkeit
W36,1-17-tätigkeit,16,Dauerhaft erwerbsunfähig,gip,W36,1-17-tätigkeit
W36,1-17-tätigkeit,17,Hausfrau/Hausmann,gip,W36,1-17-tätigkeit
W36,1-5-ausgeben,1,sehr viel mehr ausgeben,gip,W36,1-5-ausgeben
W36,1-5-ausgeben,2,etwas mehr ausgeben,gip,W36,1-5-ausgeben
W36,1-5-ausgeben,3,die Ausgaben auf dem jetzigen Stand halten,gip,W36,1-5-ausgeben
W36,1-5-ausgeben,4,etwas weniger ausgeben,gip,W36,1-5-ausgeben
W36,1-5-ausgeben,5,sehr viel weniger ausgeben,gip,W36,1-5-ausgeben
W36,1-5-ausgeben,-99,weiß nicht,gip,W36,1-5-ausgeben
W36,1-5-leicht,1,1 Sehr leicht,gip,W36,1-5-leicht
W36,1-5-leicht,2,2,gip,W36,1-5-leicht
W36,1-5-leicht,3,3,gip,W36,1-5-leicht
W36,1-5-leicht,4,4,gip,W36,1-5-leicht
W36,1-5-leicht,5,5 Sehr schwer,gip,W36,1-5-leicht
W36,1-5-leicht,-99,"Weiß nicht, weil für meine Person keine Steuererklärung abgegeben wird.",gip,W36,1-5-leicht
W36,1-5-leicht,-98,"Weiß nicht, weil ich meine Steuererklärung nicht selbst ausfülle (sondern Partner, Steuerberater, etc.)",gip,W36,1-5-leicht
W36,1-5-leicht,-97,Keine Meinung,gip,W36,1-5-leicht
W36,1-6-aufjedenfall,1,1 Auf keinen Fall,gip,W36,1-6-aufjedenfall
W36,1-6-aufjedenfall,2,2,gip,W36,1-6-aufjedenfall
W36,1-6-aufjedenfall,3,3,gip,W36,1-6-aufjedenfall
W36,1-6-aufjedenfall,4,4,gip,W36,1-6-aufjedenfall
W36,1-6-aufjedenfall,5,5,gip,W36,1-6-aufjedenfall
W36,1-6-aufjedenfall,6,6 Auf jeden Fall,gip,W36,1-6-aufjedenfall
W36,1-6-aufjedenfall,-99,Weiß nicht,gip,W36,1-6-aufjedenfall
W36,1-6-profitieren,1,1 Beitrag zu einer gerechteren Einkommensverteilung,gip,W36,1-6-profitieren
W36,1-6-profitieren,2,2,gip,W36,1-6-profitieren
W36,1-6-profitieren,3,3,gip,W36,1-6-profitieren
W36,1-6-profitieren,4,4,gip,W36,1-6-profitieren
W36,1-6-profitieren,5,5,gip,W36,1-6-profitieren
W36,1-6-profitieren,6,6 Einkommensstarke Bürgerinnen und Bürger profitieren,gip,W36,1-6-profitieren
W36,1-6-profitieren,-99,Weiß nicht,gip,W36,1-6-profitieren
W36,1-6-steuer,1,"Steuersystem mit einheitlichem Steuersatz für alle Steuerpflichtigen, aber ohne Steuerabzugsmöglichkeiten und Freibeträge",gip,W36,1-6-steuer
W36,1-6-steuer,2,Steuersystem mit einheitlichem Steuersatz für alle Steuerpflichtigen und unter Beibehaltung der gegenwärtigen Steuerabzugsmöglichkeiten und Freibeträge,gip,W36,1-6-steuer
W36,1-6-steuer,3,"Steuersystem mit höheren Steuersätzen als derzeit für Besserverdiener (also stärkere Progression), aber ohne Steuerabzugsmöglichkeiten und Freibeträge",gip,W36,1-6-steuer
W36,1-6-steuer,4,Steuersystem mit vorausgefüllter Steuererklärung,gip,W36,1-6-steuer
W36,1-6-steuer,5,Keine Veränderung,gip,W36,1-6-steuer
W36,1-6-steuer,6,Andere Maßnahme: Bitte tragen Sie hier Ihren Vorschlag ein [answer field],gip,W36,1-6-steuer
W36,1-6-steuer,-99,Weiß nicht,gip,W36,1-6-steuer
W36,1-3-person,1,Person A sollte mehr Steuern zahlen,gip,W36,1-3-person
W36,1-3-person,2,Person B sollte mehr Steuern zahlen,gip,W36,1-3-person
W36,1-3-person,3,Person A und B sollten gleich viel Steuern zahlen,gip,W36,1-3-person
W36,1-5-jahre,1,ab 2018,gip,W36,1-5-jahre
W36,1-5-jahre,2,ab 2020,gip,W36,1-5-jahre
W36,1-5-jahre,3,ab 2025,gip,W36,1-5-jahre
W36,1-5-jahre,4,ab 2030,gip,W36,1-5-jahre
W36,1-5-jahre,5,nach 2030,gip,W36,1-5-jahre
W36,1-5-jahre,6,überhaupt nicht,gip,W36,1-5-jahre
W36,1-7-gutschlecht,1,sehr gut,gip,W36,1-7-gutschlecht
W36,1-7-gutschlecht,2,gut,gip,W36,1-7-gutschlecht
W36,1-7-gutschlecht,3,eher gut,gip,W36,1-7-gutschlecht
W36,1-7-gutschlecht,4,weder gut noch schlecht,gip,W36,1-7-gutschlecht
W36,1-7-gutschlecht,5,eher schlecht,gip,W36,1-7-gutschlecht
W36,1-7-gutschlecht,6,schlecht,gip,W36,1-7-gutschlecht
W36,1-7-gutschlecht,7,sehr schlecht,gip,W36,1-7-gutschlecht
W36,1-2-geld,1,bekommt Geld ,gip,W36,1-2-geld
W36,1-2-geld,2,muss Geld bezahlen,gip,W36,1-2-geld
W36,1-2-geld,-99,weiß nicht,gip,W36,1-2-geld
W36,1-6-wahrscheinlich,1,sehr wahrscheinlich,gip,W36,1-6-wahrscheinlich
W36,1-6-wahrscheinlich,2,wahrscheinlich,gip,W36,1-6-wahrscheinlich
W36,1-6-wahrscheinlich,3,eher wahrscheinlich,gip,W36,1-6-wahrscheinlich
W36,1-6-wahrscheinlich,4,eher unwahrscheinlich,gip,W36,1-6-wahrscheinlich
W36,1-6-wahrscheinlich,5,unwahrscheinlich,gip,W36,1-6-wahrscheinlich
W36,1-6-wahrscheinlich,6,sehr unwahrscheinlich,gip,W36,1-6-wahrscheinlich
W36,1-6-wahrscheinlich,-99,weiß nicht,gip,W36,1-6-wahrscheinlich
W36,1-4-zufrieden,1,sehr zufrieden,gip,W36,1-4-zufrieden
W36,1-4-zufrieden,2,ziemlich zufrieden,gip,W36,1-4-zufrieden
W36,1-4-zufrieden,3,nicht sehr zufrieden,gip,W36,1-4-zufrieden
W36,1-4-zufrieden,4,überhaupt nicht zufrieden,gip,W36,1-4-zufrieden
W36,1-4-zufrieden,-99,weiß nicht,gip,W36,1-4-zufrieden
W36,1-11-zufrieden,1,1 völlig unzufrieden,gip,W36,1-11-zufrieden
W36,1-11-zufrieden,2,2,gip,W36,1-11-zufrieden
W36,1-11-zufrieden,3,3,gip,W36,1-11-zufrieden
W36,1-11-zufrieden,4,4,gip,W36,1-11-zufrieden
W36,1-11-zufrieden,5,5,gip,W36,1-11-zufrieden
W36,1-11-zufrieden,6,6,gip,W36,1-11-zufrieden
W36,1-11-zufrieden,7,7,gip,W36,1-11-zufrieden
W36,1-11-zufrieden,8,8,gip,W36,1-11-zufrieden
W36,1-11-zufrieden,9,9,gip,W36,1-11-zufrieden
W36,1-11-zufrieden,10,10,gip,W36,1-11-zufrieden
W36,1-11-zufrieden,11,11 völlig zufrieden,gip,W36,1-11-zufrieden
W36,1-11-zufrieden,-99,weiß nicht,gip,W36,1-11-zufrieden
W36,1-11-zufrieden,1,1 völlig unzufrieden,gip,W36,1-11-zufrieden
W36,1-11-zufrieden,2,2,gip,W36,1-11-zufrieden
W36,1-11-zufrieden,3,3,gip,W36,1-11-zufrieden
W36,1-11-zufrieden,4,4,gip,W36,1-11-zufrieden
W36,1-11-zufrieden,5,5,gip,W36,1-11-zufrieden
W36,1-11-zufrieden,6,6,gip,W36,1-11-zufrieden
W36,1-11-zufrieden,7,7,gip,W36,1-11-zufrieden
W36,1-11-zufrieden,8,8,gip,W36,1-11-zufrieden
W36,1-11-zufrieden,9,9,gip,W36,1-11-zufrieden
W36,1-11-zufrieden,10,10,gip,W36,1-11-zufrieden
W36,1-11-zufrieden,11,11 völlig zufrieden,gip,W36,1-11-zufrieden
W36,1-11-nichts-viel,1,-5 überhaupt nichts,gip,W36,1-11-nichts-viel
W36,1-11-nichts-viel,2,-4,gip,W36,1-11-nichts-viel
W36,1-11-nichts-viel,3,-3,gip,W36,1-11-nichts-viel
W36,1-11-nichts-viel,4,-2,gip,W36,1-11-nichts-viel
W36,1-11-nichts-viel,5,-1,gip,W36,1-11-nichts-viel
W36,1-11-nichts-viel,6,0,gip,W36,1-11-nichts-viel
W36,1-11-nichts-viel,7,1,gip,W36,1-11-nichts-viel
W36,1-11-nichts-viel,8,2,gip,W36,1-11-nichts-viel
W36,1-11-nichts-viel,9,3,gip,W36,1-11-nichts-viel
W36,1-11-nichts-viel,10,4,gip,W36,1-11-nichts-viel
W36,1-11-nichts-viel,11,5 sehr viel,gip,W36,1-11-nichts-viel
W36,1-11-nichts-viel,-99,weiß nicht,gip,W36,1-11-nichts-viel
W36,1-4-bewertung,1,1 überhaupt nicht,gip,W36,1-4-bewertung
W36,1-4-bewertung,2,2,gip,W36,1-4-bewertung
W36,1-4-bewertung,3,3,gip,W36,1-4-bewertung
W36,1-4-bewertung,4,4 sehr,gip,W36,1-4-bewertung
W36,1-5-befragung-insgesamt,1,überhaupt nicht,gip,W36,1-5-befragung-insgesamt
W36,1-5-befragung-insgesamt,2,nicht so gut,gip,W36,1-5-befragung-insgesamt
W36,1-5-befragung-insgesamt,3,mittelmäßig,gip,W36,1-5-befragung-insgesamt
W36,1-5-befragung-insgesamt,4,gut,gip,W36,1-5-befragung-insgesamt
W36,1-5-befragung-insgesamt,5,sehr gut,gip,W36,1-5-befragung-insgesamt
W35,0-10-veraendern,0,0 gar nicht verändern,gip,W35,0-10-veraendern
W35,0-10-veraendern,1,1,gip,W35,0-10-veraendern
W35,0-10-veraendern,2,2,gip,W35,0-10-veraendern
W35,0-10-veraendern,3,3,gip,W35,0-10-veraendern
W35,0-10-veraendern,4,4,gip,W35,0-10-veraendern
W35,0-10-veraendern,5,5,gip,W35,0-10-veraendern
W35,0-10-veraendern,6,6,gip,W35,0-10-veraendern
W35,0-10-veraendern,7,7,gip,W35,0-10-veraendern
W35,0-10-veraendern,8,8,gip,W35,0-10-veraendern
W35,0-10-veraendern,9,9,gip,W35,0-10-veraendern
W35,0-10-veraendern,10,10 vollständig verändern,gip,W35,0-10-veraendern
W35,0-10-veraendern,-99,weiß nicht,gip,W35,0-10-veraendern
W35,1-2-arzt,1,Hausarztmodell,gip,W35,1-2-arzt
W35,1-2-arzt,2,freie Arztwahl,gip,W35,1-2-arzt
W35,1-5-regeln,1,viel mehr Regeln festsetzen als momentan,gip,W35,1-5-regeln
W35,1-5-regeln,2,etwas mehr Regeln festsetzen als momentan,gip,W35,1-5-regeln
W35,1-5-regeln,3,genauso viele Regeln festsetzen wie momentan,gip,W35,1-5-regeln
W35,1-5-regeln,4,etwas weniger Regeln festsetzen als momentan,gip,W35,1-5-regeln
W35,1-5-regeln,5,viel weniger Regeln festsetzen als momentan,gip,W35,1-5-regeln
W35,1-5-rente_1 ,1,"Die Beiträge zur gesetzlichen Rentenversicherung sollten erhöht werden, damit die Höhe der gesetzlichen Rente und das Rentenalter so bleiben, wie sie sind. [wenn expRM35008 = 2 und RM35009 != 1]",gip,W35,1-5-rente_1 
W35,1-5-rente_1 ,2,"Das Rentenalter sollte angehoben werden, damit die Höhe der gesetzlichen Rente und die Beiträge zur gesetzlichen Rentenversicherung so bleiben, wie sie sind. (wenn expRM35008 = 2 und RM35009 != 2)",gip,W35,1-5-rente_1 
W35,1-5-rente_1 ,3,"Die Regierung sollte die allgemeinen Steuern erhöhen. Das Rentenalter, die Höhe der gesetzlichen Rente und die Beiträge zur gesetzlichen Rentenversicherung sollten so bleiben, wie sie sind. [wenn expRM35008 = 2 und RM35009 != 3]",gip,W35,1-5-rente_1 
W35,1-5-rente_1 ,4,"Die Höhe der gesetzlichen Rente sollte verringert werden. Das Rentenalter und die Beiträge zur gesetzlichen Rentenversicherung sollten so bleiben, wie sie sind. [wenn expRM35008 = 2 und RM35009 != 4]",gip,W35,1-5-rente_1 
W35,1-5-rente_1 ,5,Keinen davon.,gip,W35,1-5-rente_1 
W35,1-5-rente_2,1,"Die Beiträge zur gesetzlichen Rentenversicherung sollten erhöht werden, damit die Höhe der gesetzlichen Rente und das Rentenalter so bleiben, wie sie sind. [wenn expRM35008 = 1 und RM35009 != 1]",gip,W35,1-5-rente_2
W35,1-5-rente_2,2,"Das Rentenalter sollte angehoben werden, damit die Höhe der gesetzlichen Rente und die Beiträge zur gesetzlichen Rentenversicherung so bleiben, wie sie sind. [wenn expRM35008 = 1 und RM35009 != 2]",gip,W35,1-5-rente_2
W35,1-5-rente_2,3,"Die Regierung sollte die allgemeinen Steuern erhöhen. Das Rentenalter, die Höhe der gesetzlichen Rente und die Beiträge zur gesetzlichen Rentenversicherung sollten so bleiben, wie sie sind. [wenn expRM35008 = 1 und RM35009 != 3]",gip,W35,1-5-rente_2
W35,1-5-rente_2,4,"Die Höhe der gesetzlichen Rente sollte verringert werden. Das Rentenalter und die Beiträge zur gesetzlichen Rentenversicherung sollten so bleiben, wie sie sind. [wenn expRM35008 = 1 und RM35009 != 4]",gip,W35,1-5-rente_2
W35,1-5-rente_2,5,Keinen davon.,gip,W35,1-5-rente_2
W35,1-5-ausgeben,1,viel mehr ausgeben als momentan,gip,W35,1-5-ausgeben
W35,1-5-ausgeben,2,etwas mehr ausgeben als momentan,gip,W35,1-5-ausgeben
W35,1-5-ausgeben,3,gleich viel wie momentan ausgeben,gip,W35,1-5-ausgeben
W35,1-5-ausgeben,4,etwas weniger ausgeben als momentan,gip,W35,1-5-ausgeben
W35,1-5-ausgeben,5,viel weniger ausgeben als momentan,gip,W35,1-5-ausgeben
W35,1-6-geld-bildung,1,"Kinderbetreuung für 1- bis 5-Jährige (Kindergarten, Kita)",gip,W35,1-6-geld-bildung
W35,1-6-geld-bildung,2,"Grundschulen und weiterführende Schulen (Haupt- und Realschulen, Gymnasien)",gip,W35,1-6-geld-bildung
W35,1-6-geld-bildung,3,berufliche Ausbildung (Lehre und Berufsschulen),gip,W35,1-6-geld-bildung
W35,1-6-geld-bildung,4,"akademische Ausbildung (Universitäten, Fachhochschulen und pädagogische Hochschulen)",gip,W35,1-6-geld-bildung
W35,1-6-geld-bildung,5,Weiterbildungsangebote für Berufstätige,gip,W35,1-6-geld-bildung
W35,1-6-geld-bildung,6,"Sonstiger Bereich, und zwar: [answer field]",gip,W35,1-6-geld-bildung
W35,1-7-geld-bildung,1,"Kinderbetreuung für 1- bis 5-Jährige (Kindergarten, Kita)",gip,W35,1-7-geld-bildung
W35,1-7-geld-bildung,2,"Grundschulen und weiterführende Schulen (Haupt- und Realschulen, Gymnasien)",gip,W35,1-7-geld-bildung
W35,1-7-geld-bildung,3,berufliche Ausbildung (Lehre und Berufsschulen),gip,W35,1-7-geld-bildung
W35,1-7-geld-bildung,4,"akademische Ausbildung (Universitäten, Fachhochschulen und pädagogische Hochschulen)",gip,W35,1-7-geld-bildung
W35,1-7-geld-bildung,5,Weiterbildungsangebote für Berufstätige,gip,W35,1-7-geld-bildung
W35,1-7-geld-bildung,6,"Sonstiger Bereich, und zwar: [answer field]",gip,W35,1-7-geld-bildung
W35,1-7-geld-bildung,7,"Nein, für keinen dieser Bereiche.",gip,W35,1-7-geld-bildung
W35,1-5-zustimmung,1,Stimme stark zu,gip,W35,1-5-zustimmung
W35,1-5-zustimmung,2,Stimme zu,gip,W35,1-5-zustimmung
W35,1-5-zustimmung,3,Weder noch,gip,W35,1-5-zustimmung
W35,1-5-zustimmung,4,Lehne ab,gip,W35,1-5-zustimmung
W35,1-5-zustimmung,5,Lehne stark ab,gip,W35,1-5-zustimmung
W35,1-5-steuern,1,viel mehr Steuern zahlen als momentan,gip,W35,1-5-steuern
W35,1-5-steuern,2,etwas mehr Steuern zahlen als momentan,gip,W35,1-5-steuern
W35,1-5-steuern,3,genau so viel Steuern zahlen wie momentan,gip,W35,1-5-steuern
W35,1-5-steuern,4,etwas weniger Steuern zahlen als momentan,gip,W35,1-5-steuern
W35,1-5-steuern,5,viel weniger Steuern zahlen als momentan,gip,W35,1-5-steuern
W35,1-5-entscheiden,1,viel mehr entscheiden als momentan,gip,W35,1-5-entscheiden
W35,1-5-entscheiden,2,etwas mehr entscheiden als momentan,gip,W35,1-5-entscheiden
W35,1-5-entscheiden,3,genau so viel entscheiden wie momentan,gip,W35,1-5-entscheiden
W35,1-5-entscheiden,4,etwas weniger entscheiden als momentan,gip,W35,1-5-entscheiden
W35,1-5-entscheiden,5,viel weniger entscheiden als momentan,gip,W35,1-5-entscheiden
W35,1-7-leistungen,1,Gesundheitsleistungen,gip,W35,1-7-leistungen
W35,1-7-leistungen,2,Grundsicherung für Arbeitslose,gip,W35,1-7-leistungen
W35,1-7-leistungen,3,"Arbeitsförderung von Menschen, die arbeitslos sind",gip,W35,1-7-leistungen
W35,1-7-leistungen,4,Altersrenten,gip,W35,1-7-leistungen
W35,1-7-leistungen,5,Bildung (d.h. Schulen und Universitäten),gip,W35,1-7-leistungen
W35,1-7-leistungen,6,Kinderbetreuungsmöglichkeiten,gip,W35,1-7-leistungen
W35,1-7-leistungen,7,In keinem dieser Bereiche.,gip,W35,1-7-leistungen
W35,1-11-zerstritten,1,1 sehr zerstritten,gip,W35,1-11-zerstritten
W35,1-11-zerstritten,2,2,gip,W35,1-11-zerstritten
W35,1-11-zerstritten,3,3,gip,W35,1-11-zerstritten
W35,1-11-zerstritten,4,4,gip,W35,1-11-zerstritten
W35,1-11-zerstritten,5,5,gip,W35,1-11-zerstritten
W35,1-11-zerstritten,6,6,gip,W35,1-11-zerstritten
W35,1-11-zerstritten,7,7,gip,W35,1-11-zerstritten
W35,1-11-zerstritten,8,8,gip,W35,1-11-zerstritten
W35,1-11-zerstritten,9,9,gip,W35,1-11-zerstritten
W35,1-11-zerstritten,10,10,gip,W35,1-11-zerstritten
W35,1-11-zerstritten,11,11 sehr geschlossen,gip,W35,1-11-zerstritten
W35,1-11-zerstritten,-99,weiß nicht,gip,W35,1-11-zerstritten
W35,1-3-rolle,1,selbstständig über wichtige Angelegenheiten der Partei entscheidet und die Parteilinie anhand  ihrer eigenen Interessen bestimmt.,gip,W35,1-3-rolle
W35,1-3-rolle,2,"Vorschläge über wichtige Angelegenheiten der Partei anhand  ihrer eigenen Interessen macht, aber die Parteilinie zusammen mit den Parteimitgliedern festlegt.",gip,W35,1-3-rolle
W35,1-3-rolle,3,"innerparteiliche Diskussionen über wichtige Angelegenheiten der Partei leitet und Kompromisslösungen bezüglich der Parteilinie findet, ohne dabei  ihre eigenen Interessen einzubeziehen.",gip,W35,1-3-rolle
W35,1-3-rolle,-99,weiß nicht,gip,W35,1-3-rolle
W35,1-11-kompetent,1,1 überhaupt nicht kompetent,gip,W35,1-11-kompetent
W35,1-11-kompetent,2,2,gip,W35,1-11-kompetent
W35,1-11-kompetent,3,3,gip,W35,1-11-kompetent
W35,1-11-kompetent,4,4,gip,W35,1-11-kompetent
W35,1-11-kompetent,5,5,gip,W35,1-11-kompetent
W35,1-11-kompetent,6,6,gip,W35,1-11-kompetent
W35,1-11-kompetent,7,7,gip,W35,1-11-kompetent
W35,1-11-kompetent,8,8,gip,W35,1-11-kompetent
W35,1-11-kompetent,9,9,gip,W35,1-11-kompetent
W35,1-11-kompetent,10,10,gip,W35,1-11-kompetent
W35,1-11-kompetent,11,11 sehr kompetent,gip,W35,1-11-kompetent
W35,1-4-bewertung,1,1 überhaupt nicht,gip,W35,1-4-bewertung
W35,1-4-bewertung,2,2,gip,W35,1-4-bewertung
W35,1-4-bewertung,3,3,gip,W35,1-4-bewertung
W35,1-4-bewertung,4,4 sehr,gip,W35,1-4-bewertung
W35,1-5-befragung-insgesamt,1,überhaupt nicht,gip,W35,1-5-befragung-insgesamt
W35,1-5-befragung-insgesamt,2,nicht so gut,gip,W35,1-5-befragung-insgesamt
W35,1-5-befragung-insgesamt,3,mittelmäßig,gip,W35,1-5-befragung-insgesamt
W35,1-5-befragung-insgesamt,4,gut,gip,W35,1-5-befragung-insgesamt
W35,1-5-befragung-insgesamt,5,sehr gut,gip,W35,1-5-befragung-insgesamt
W37,1-2-korrekt,1,korrekt,gip,W37,1-2-korrekt
W37,1-2-korrekt,2,nicht korrekt,gip,W37,1-2-korrekt
W37,1-2-geschlecht,1,Männlich,gip,W37,1-2-geschlecht
W37,1-2-geschlecht,2,Weiblich,gip,W37,1-2-geschlecht
W37,1-2-geschlecht,-90,Bitte auswählen,gip,W37,1-2-geschlecht
W37,1-2-Mobilfunknummer,1,"Ja, die Mobilfunknummer ist korrekt.",gip,W37,1-2-Mobilfunknummer
W37,1-2-Mobilfunknummer,2,"Nein, die Mobilfunknummer ist nicht korrekt.",gip,W37,1-2-Mobilfunknummer
W37,1-3-Mobilfunknummer,1,Handynummer (privat): [answer field],gip,W37,1-3-Mobilfunknummer
W37,1-3-Mobilfunknummer,2,Habe kein Handy,gip,W37,1-3-Mobilfunknummer
W37,1-3-Mobilfunknummer,3,Weiß meine Handynummer nicht,gip,W37,1-3-Mobilfunknummer
W37,1-3-Mobilfunknummer,-98,Möchte ich nicht sagen,gip,W37,1-3-Mobilfunknummer
W37,1-2-Telefonnummer,1,"Ja, die Telefonnummer ist korrekt.",gip,W37,1-2-Telefonnummer
W37,1-2-Telefonnummer,2,"Nein, die Telefonnummer ist nicht korrekt.",gip,W37,1-2-Telefonnummer
W37,1-3-Telefonnummer,1,Telefonnummer im Festnetz mit Vorwahl (privat): [answer field],gip,W37,1-3-Telefonnummer
W37,1-3-Telefonnummer,2,Habe kein Telefon mit Festnetzanschluss,gip,W37,1-3-Telefonnummer
W37,1-3-Telefonnummer,3,Weiß meine Telefonnummer im Festnetz nicht,gip,W37,1-3-Telefonnummer
W37,1-3-Telefonnummer,-98,Möchte ich nicht sagen,gip,W37,1-3-Telefonnummer
W37,1-3-Staatsangehörigkeit,1,"Ja, nur die deutsche Staatsangehörigkeit",gip,W37,1-3-Staatsangehörigkeit
W37,1-3-Staatsangehörigkeit,2,"Ja, die deutsche Staatsangehörigkeit und mindestens eine ausländische Staatsangehörigkeit",gip,W37,1-3-Staatsangehörigkeit
W37,1-3-Staatsangehörigkeit,3,"Nein, habe eine andere Staatsangehörigkeit",gip,W37,1-3-Staatsangehörigkeit
W37,1-9-Familienstand,1,Verheiratet und leben mit Ihrem/Ihrer Ehepartner/-in zusammen,gip,W37,1-9-Familienstand
W37,1-9-Familienstand,2,Verheiratet und leben getrennt,gip,W37,1-9-Familienstand
W37,1-9-Familienstand,3,Verwitwet,gip,W37,1-9-Familienstand
W37,1-9-Familienstand,4,Geschieden,gip,W37,1-9-Familienstand
W37,1-9-Familienstand,5,Ledig                          ,gip,W37,1-9-Familienstand
W37,1-9-Familienstand,6,"Eingetragene Lebenspartnerschaft, zusammenlebend",gip,W37,1-9-Familienstand
W37,1-9-Familienstand,7,"Eingetragene Lebenspartnerschaft, getrennt lebend",gip,W37,1-9-Familienstand
W37,1-9-Familienstand,8,Eingetragene/-r Lebenspartner/-in verstorben,gip,W37,1-9-Familienstand
W37,1-9-Familienstand,9,Eingetragene Lebenspartnerschaft aufgehoben,gip,W37,1-9-Familienstand
W37,1-8-Alter,1,jünger als 16 Jahre,gip,W37,1-8-Alter
W37,1-8-Alter,2,16 bis 29 Jahre,gip,W37,1-8-Alter
W37,1-8-Alter,3,30 bis 39 Jahre,gip,W37,1-8-Alter
W37,1-8-Alter,4,40 bis 49 Jahre,gip,W37,1-8-Alter
W37,1-8-Alter,5,50 bis 59 Jahre,gip,W37,1-8-Alter
W37,1-8-Alter,6,60 bis 69 Jahre,gip,W37,1-8-Alter
W37,1-8-Alter,7,70 bis 75 Jahre,gip,W37,1-8-Alter
W37,1-8-Alter,8,älter als 75 Jahre,gip,W37,1-8-Alter
W37,1-8-Alter,-90,Bitte auswählen,gip,W37,1-8-Alter
W37,1-8-Alter,-98,Keine Angabe,gip,W37,1-8-Alter
W37,1-10-Beziehung,1,Ehegatte/Ehegattin,gip,W37,1-10-Beziehung
W37,1-10-Beziehung,2,Partner/Partnerin,gip,W37,1-10-Beziehung
W37,1-10-Beziehung,3,Kind,gip,W37,1-10-Beziehung
W37,1-10-Beziehung,4,Schwiegersohn/-tochter,gip,W37,1-10-Beziehung
W37,1-10-Beziehung,5,Vater/Mutter,gip,W37,1-10-Beziehung
W37,1-10-Beziehung,6,Schwiegervater/-mutter,gip,W37,1-10-Beziehung
W37,1-10-Beziehung,7,Bruder/Schwester,gip,W37,1-10-Beziehung
W37,1-10-Beziehung,8,Enkelkind,gip,W37,1-10-Beziehung
W37,1-10-Beziehung,9,Andere(r) Verwandte(r),gip,W37,1-10-Beziehung
W37,1-10-Beziehung,10,"Andere, nicht verwandte Person",gip,W37,1-10-Beziehung
W37,1-10-Beziehung,-90,Bitte auswählen,gip,W37,1-10-Beziehung
W37,1-10-Beziehung,-98,Keine Angabe,gip,W37,1-10-Beziehung
W37,1-16-Bundesland,1,Baden-Württemberg,gip,W37,1-16-Bundesland
W37,1-16-Bundesland,2,Bayern,gip,W37,1-16-Bundesland
W37,1-16-Bundesland,3,Berlin,gip,W37,1-16-Bundesland
W37,1-16-Bundesland,4,Brandenburg,gip,W37,1-16-Bundesland
W37,1-16-Bundesland,5,Bremen,gip,W37,1-16-Bundesland
W37,1-16-Bundesland,6,Hamburg,gip,W37,1-16-Bundesland
W37,1-16-Bundesland,7,Hessen,gip,W37,1-16-Bundesland
W37,1-16-Bundesland,8,Mecklenburg-Vorpommern,gip,W37,1-16-Bundesland
W37,1-16-Bundesland,9,Niedersachsen,gip,W37,1-16-Bundesland
W37,1-16-Bundesland,10,Nordrhein-Westfalen,gip,W37,1-16-Bundesland
W37,1-16-Bundesland,11,Rheinland-Pfalz,gip,W37,1-16-Bundesland
W37,1-16-Bundesland,12,Saarland,gip,W37,1-16-Bundesland
W37,1-16-Bundesland,13,Sachsen,gip,W37,1-16-Bundesland
W37,1-16-Bundesland,14,Sachsen-Anhalt,gip,W37,1-16-Bundesland
W37,1-16-Bundesland,15,Schleswig-Holstein,gip,W37,1-16-Bundesland
W37,1-16-Bundesland,16,Thüringen,gip,W37,1-16-Bundesland
W37,1-7-Schulabschluss,1,Noch Schüler/-in,gip,W37,1-7-Schulabschluss
W37,1-7-Schulabschluss,2,Schule beendet ohne Abschluss,gip,W37,1-7-Schulabschluss
W37,1-7-Schulabschluss,3,Volks-/Hauptschulabschluss bzw. Polytechnische Oberschule mit Abschluss 8. oder 9. Klasse,gip,W37,1-7-Schulabschluss
W37,1-7-Schulabschluss,4,"Mittlere Reife, Realschulabschluss bzw. Polytechnische Oberschule mit Abschluss 10. Klasse",gip,W37,1-7-Schulabschluss
W37,1-7-Schulabschluss,5,Fachhochschulreife (Abschluss einer Fachoberschule etc.),gip,W37,1-7-Schulabschluss
W37,1-7-Schulabschluss,6,Abitur bzw. Erweiterte Oberschule mit Abschluss 12. Klasse (Hochschulreife),gip,W37,1-7-Schulabschluss
W37,1-7-Schulabschluss,7,Anderen Schulabschluss: Bitte tragen Sie Ihren Schulabschluss ein: [answer field],gip,W37,1-7-Schulabschluss
W37,1-12-beruflischer_Abschluss,1,"Noch in beruflicher Ausbildung (Berufsvorbereitungsjahr,  Auszubildende/-r, Praktikant/-in, Student/-in)",gip,W37,1-12-beruflischer_Abschluss
W37,1-12-beruflischer_Abschluss,2,"Schüler/-in und besuche eine berufsorientierte Aufbau-,  Fachschule o. ä.",gip,W37,1-12-beruflischer_Abschluss
W37,1-12-beruflischer_Abschluss,3,Keinen beruflichen Abschluss und bin nicht in beruflicher Ausbildung,gip,W37,1-12-beruflischer_Abschluss
W37,1-12-beruflischer_Abschluss,4,Beruflich-betriebliche Berufsausbildung (Lehre) abgeschlossen,gip,W37,1-12-beruflischer_Abschluss
W37,1-12-beruflischer_Abschluss,5,"Beruflich-schulische Ausbildung (Berufsfachschule, Handelsschule, Vorbereitungsdienst für den mittleren Dienst in der öffentlichen Verwaltung) abgeschlossen",gip,W37,1-12-beruflischer_Abschluss
W37,1-12-beruflischer_Abschluss,6,Ausbildung an einer Fachschule der DDR abgeschlossen,gip,W37,1-12-beruflischer_Abschluss
W37,1-12-beruflischer_Abschluss,7,"Ausbildung an einer Fach-, Meister-, Technikerschule, Berufs- oder Fachakademie abgeschlossen",gip,W37,1-12-beruflischer_Abschluss
W37,1-12-beruflischer_Abschluss,8,Bachelor an (Fach-)Hochschule abgeschlossen,gip,W37,1-12-beruflischer_Abschluss
W37,1-12-beruflischer_Abschluss,9,"Fachhochschulabschluss (z. B. Diplom, Master)",gip,W37,1-12-beruflischer_Abschluss
W37,1-12-beruflischer_Abschluss,10,"Universitätsabschluss (z. B. Diplom, Magister, Staatsexamen, Master)",gip,W37,1-12-beruflischer_Abschluss
W37,1-12-beruflischer_Abschluss,11,Promotion,gip,W37,1-12-beruflischer_Abschluss
W37,1-12-beruflischer_Abschluss,12,"Ein anderer beruflicher Abschluss, und zwar (bitte eintragen): [answer field]",gip,W37,1-12-beruflischer_Abschluss
W37,1-17-Haupttätigkeit,1,Vollzeiterwerbstätig (wenn AA37450_a = 1),gip,W37,1-17-Haupttätigkeit
W37,1-17-Haupttätigkeit,2,Teilzeiterwerbstätig (wenn AA37450_b = 1),gip,W37,1-17-Haupttätigkeit
W37,1-17-Haupttätigkeit,3,"Altersteilzeit (unabhängig davon, ob in der Arbeits- oder Freistellungsphase befindlich) (wenn AA37450_c = 1)",gip,W37,1-17-Haupttätigkeit
W37,1-17-Haupttätigkeit,4,"Geringfügig erwerbstätig, 450-Euro-Job, Minijob (wenn AA37450_d = 1)",gip,W37,1-17-Haupttätigkeit
W37,1-17-Haupttätigkeit,5,„Ein-Euro-Job“ (bei Bezug von Arbeitslosengeld II) (wenn AA37450_e = 1),gip,W37,1-17-Haupttätigkeit
W37,1-17-Haupttätigkeit,6,Gelegentlich oder unregelmäßig beschäftigt (wenn AA37450_f = 1),gip,W37,1-17-Haupttätigkeit
W37,1-17-Haupttätigkeit,7,In einer beruflichen Ausbildung/Lehre (wenn AA37450_g = 1),gip,W37,1-17-Haupttätigkeit
W37,1-17-Haupttätigkeit,8,In Umschulung (wenn AA37450_h = 1),gip,W37,1-17-Haupttätigkeit
W37,1-17-Haupttätigkeit,9,"Freiwilliger Wehrdienst, Bundesfreiwilligendienst (wenn AA37450_i = 1)",gip,W37,1-17-Haupttätigkeit
W37,1-17-Haupttätigkeit,10,Freiwilliges Soziales/Ökologisches/Kulturelles Jahr (wenn AA37450_j = 1),gip,W37,1-17-Haupttätigkeit
W37,1-17-Haupttätigkeit,11,"Mutterschafts-, Erziehungsurlaub, Elternzeit oder sonstige Beurlaubung (Altersteilzeit oben angegeben) (wenn AA37450_k = 1)",gip,W37,1-17-Haupttätigkeit
W37,1-17-Haupttätigkeit,12,Schüler/-in an einer allgemeinbildenden Schule (wenn AA37450_l = 1),gip,W37,1-17-Haupttätigkeit
W37,1-17-Haupttätigkeit,13,Student/-in (wenn AA37450_m = 1),gip,W37,1-17-Haupttätigkeit
W37,1-17-Haupttätigkeit,14,"Rentner/-in, Pensionär/-in, im Vorruhestand (wenn AA37450_n = 1)",gip,W37,1-17-Haupttätigkeit
W37,1-17-Haupttätigkeit,15,Arbeitslos (wenn AA37450_o = 1),gip,W37,1-17-Haupttätigkeit
W37,1-17-Haupttätigkeit,16,Dauerhaft erwerbsunfähig (wenn AA37450_p = 1),gip,W37,1-17-Haupttätigkeit
W37,1-17-Haupttätigkeit,17,Hausfrau/Hausmann (wenn AA37450_q = 1),gip,W37,1-17-Haupttätigkeit
W37,1-2-ja-nein,1,Ja,gip,W37,1-2-ja-nein
W37,1-2-ja-nein,2,Nein,gip,W37,1-2-ja-nein
W37,1-3-Tätigkeit,1,abhängig beschäftigt,gip,W37,1-3-Tätigkeit
W37,1-3-Tätigkeit,2,selbständig,gip,W37,1-3-Tätigkeit
W37,1-3-Tätigkeit,3,mithelfende/-r Familienangehörige/-r,gip,W37,1-3-Tätigkeit
W37,1-2-(un)befristet,1,zeitlich unbefristet,gip,W37,1-2-(un)befristet
W37,1-2-(un)befristet,2,zeitlich befristet,gip,W37,1-2-(un)befristet
W37,1-19-Wirtschaftsbereich,1,"1. Land- und Forstwirtschaft, Fischerei
",gip,W37,1-19-Wirtschaftsbereich
W37,1-19-Wirtschaftsbereich,2,2. Bergbau und Gewinnung von Steinen und Erden,gip,W37,1-19-Wirtschaftsbereich
W37,1-19-Wirtschaftsbereich,3,"3. Verarbeitendes Gewerbe (beispielsweise Herstellung von Nahrungsmitteln, Bekleidung, chemischen Erzeugnissen, pharmazeutischen Produkten, elektrischen Erzeugnissen, Autos oder Maschinen)",gip,W37,1-19-Wirtschaftsbereich
W37,1-19-Wirtschaftsbereich,4,4. Energieversorgung,gip,W37,1-19-Wirtschaftsbereich
W37,1-19-Wirtschaftsbereich,5,"5. Wasserversorgung, Abwasser- und Abfallentsorgung",gip,W37,1-19-Wirtschaftsbereich
W37,1-19-Wirtschaftsbereich,6,6. Baugewerbe,gip,W37,1-19-Wirtschaftsbereich
W37,1-19-Wirtschaftsbereich,7,"7. Handel (Groß-, aber auch Einzelhandel); Instandhaltung und Reparatur von KfZ",gip,W37,1-19-Wirtschaftsbereich
W37,1-19-Wirtschaftsbereich,8,"8. Verkehr, Logistik oder Lagerei (Personen- oder Warenbeförderung)",gip,W37,1-19-Wirtschaftsbereich
W37,1-19-Wirtschaftsbereich,9,9. Gastgewerbe,gip,W37,1-19-Wirtschaftsbereich
W37,1-19-Wirtschaftsbereich,10,"10. Information und Kommunikation (Verlagswesen, Softwareprogrammierung, Rundfunk und Fernsehen, Telekommunikation)",gip,W37,1-19-Wirtschaftsbereich
W37,1-19-Wirtschaftsbereich,11,11. Erbringung von Finanz- oder Versicherungsdienstleistungen,gip,W37,1-19-Wirtschaftsbereich
W37,1-19-Wirtschaftsbereich,12,"12. Grundstücks- und Wohnungswesen (Immobilienmakler, Immobilienverwaltung und ähnliches)",gip,W37,1-19-Wirtschaftsbereich
W37,1-19-Wirtschaftsbereich,13,"13. Erbringung von freiberuflichen, wissenschaftlichen und technischen Dienstleistungen (zum Beispiel Rechts- und Steuerberatung, Architekten, Werbung und Marktforschung)",gip,W37,1-19-Wirtschaftsbereich
W37,1-19-Wirtschaftsbereich,14,"14. Erbringung von sonstigen wirtschaftlichen Dienstleistungen (zum Beispiel Autovermietung, Personalvermittlungen, Reisebüros)",gip,W37,1-19-Wirtschaftsbereich
W37,1-19-Wirtschaftsbereich,15,"15. Öffentliche Verwaltung, Gerichte, Öffentliche Sicherheit, Verteidigung, Sozialversicherung",gip,W37,1-19-Wirtschaftsbereich
W37,1-19-Wirtschaftsbereich,16,"16. Erziehung und Unterricht (zum Beispiel Kindergärten, Schulen, Universitäten)",gip,W37,1-19-Wirtschaftsbereich
W37,1-19-Wirtschaftsbereich,17,"17. Gesundheits- und Sozialwesen (zum Beispiel Arztpraxen, Krankenhäuser, Pflegeheime)",gip,W37,1-19-Wirtschaftsbereich
W37,1-19-Wirtschaftsbereich,18,"18. Kunst, Unterhaltung und Erholung (zum Beispiel Theater, Museen, Kino, Sport- und Fitnesszentren)",gip,W37,1-19-Wirtschaftsbereich
W37,1-19-Wirtschaftsbereich,19,19. Sonstiges,gip,W37,1-19-Wirtschaftsbereich
W37,1-11-Religion,1,Christentum (römisch-katholisch),gip,W37,1-11-Religion
W37,1-11-Religion,2,Christentum (evangelisch),gip,W37,1-11-Religion
W37,1-11-Religion,3,Christentum (sonstige),gip,W37,1-11-Religion
W37,1-11-Religion,4,Judentum,gip,W37,1-11-Religion
W37,1-11-Religion,5,Islam (sunnitisch),gip,W37,1-11-Religion
W37,1-11-Religion,6,Islam (schiitisch),gip,W37,1-11-Religion
W37,1-11-Religion,7,Islam (alevitisch),gip,W37,1-11-Religion
W37,1-11-Religion,8,Buddhismus,gip,W37,1-11-Religion
W37,1-11-Religion,9,Hinduismus,gip,W37,1-11-Religion
W37,1-11-Religion,10,"Sonstige Religion, Glaubensrichtung oder Weltanschauung, und zwar: [answer field]",gip,W37,1-11-Religion
W37,1-11-Religion,11,"Keiner Religion, Glaubensrichtung oder Weltanschauung",gip,W37,1-11-Religion
W37,1-11-Religion,-98,Keine Angabe,gip,W37,1-11-Religion
W37,1-10-religiös,1,nicht religiös,gip,W37,1-10-religiös
W37,1-10-religiös,2,,gip,W37,1-10-religiös
W37,1-10-religiös,3,,gip,W37,1-10-religiös
W37,1-10-religiös,4,,gip,W37,1-10-religiös
W37,1-10-religiös,5,,gip,W37,1-10-religiös
W37,1-10-religiös,6,,gip,W37,1-10-religiös
W37,1-10-religiös,7,,gip,W37,1-10-religiös
W37,1-10-religiös,8,,gip,W37,1-10-religiös
W37,1-10-religiös,9,,gip,W37,1-10-religiös
W37,1-10-religiös,10,religiös,gip,W37,1-10-religiös
W37,1-5-oft,1,nie,gip,W37,1-5-oft
W37,1-5-oft,2,selten,gip,W37,1-5-oft
W37,1-5-oft,3,manchmal,gip,W37,1-5-oft
W37,1-5-oft,4,oft,gip,W37,1-5-oft
W37,1-5-oft,5,sehr oft,gip,W37,1-5-oft
W37,1-8-oft,2,Nutze ich nie,gip,W37,1-8-oft
W37,1-8-oft,3,Weniger als einmal im Monat,gip,W37,1-8-oft
W37,1-8-oft,4,Einmal im Monat,gip,W37,1-8-oft
W37,1-8-oft,5,Mehrmals im Monat,gip,W37,1-8-oft
W37,1-8-oft,6,Einmal in der Woche,gip,W37,1-8-oft
W37,1-8-oft,7,Mehrmals in der Woche,gip,W37,1-8-oft
W37,1-8-oft,8,Täglich,gip,W37,1-8-oft
W37,1-8-oft,-99,Weiß nicht,gip,W37,1-8-oft
W37,1-3-oft,1,einmal täglich,gip,W37,1-3-oft
W37,1-3-oft,2,mehrmals täglich,gip,W37,1-3-oft
W37,1-3-oft,3,Ich bin eigentlich immer online.,gip,W37,1-3-oft
W37,0-10-zufrieden,0,ganz und gar unzufrieden,gip,W37,0-10-zufrieden
W37,0-10-zufrieden,1,,gip,W37,0-10-zufrieden
W37,0-10-zufrieden,2,,gip,W37,0-10-zufrieden
W37,0-10-zufrieden,3,,gip,W37,0-10-zufrieden
W37,0-10-zufrieden,4,,gip,W37,0-10-zufrieden
W37,0-10-zufrieden,5,,gip,W37,0-10-zufrieden
W37,0-10-zufrieden,6,,gip,W37,0-10-zufrieden
W37,0-10-zufrieden,7,,gip,W37,0-10-zufrieden
W37,0-10-zufrieden,8,,gip,W37,0-10-zufrieden
W37,0-10-zufrieden,9,,gip,W37,0-10-zufrieden
W37,0-10-zufrieden,10,ganz und gar zufrieden,gip,W37,0-10-zufrieden
W37,1-3-Mitglied,1,Ich bin kein Mitglied.,gip,W37,1-3-Mitglied
W37,1-3-Mitglied,2,Ich bin passives Mitglied.,gip,W37,1-3-Mitglied
W37,1-3-Mitglied,3,Ich bin aktives Mitglied.,gip,W37,1-3-Mitglied
W37,1-11-links-rechts,1,1 links,gip,W37,1-11-links-rechts
W37,1-11-links-rechts,2,2,gip,W37,1-11-links-rechts
W37,1-11-links-rechts,3,3,gip,W37,1-11-links-rechts
W37,1-11-links-rechts,4,4,gip,W37,1-11-links-rechts
W37,1-11-links-rechts,5,5,gip,W37,1-11-links-rechts
W37,1-11-links-rechts,6,6,gip,W37,1-11-links-rechts
W37,1-11-links-rechts,7,7,gip,W37,1-11-links-rechts
W37,1-11-links-rechts,8,8,gip,W37,1-11-links-rechts
W37,1-11-links-rechts,9,9,gip,W37,1-11-links-rechts
W37,1-11-links-rechts,10,10,gip,W37,1-11-links-rechts
W37,1-11-links-rechts,11,11 rechts,gip,W37,1-11-links-rechts
W37,1-11-links-rechts,-99,weiß ich nicht,gip,W37,1-11-links-rechts
W37,1-8-Partei,1,CDU / CSU,gip,W37,1-8-Partei
W37,1-8-Partei,2,SPD,gip,W37,1-8-Partei
W37,1-8-Partei,3,FDP,gip,W37,1-8-Partei
W37,1-8-Partei,4,Bündnis 90 / Die Grünen,gip,W37,1-8-Partei
W37,1-8-Partei,5,Die Linke,gip,W37,1-8-Partei
W37,1-8-Partei,6,NPD,gip,W37,1-8-Partei
W37,1-8-Partei,7,AfD,gip,W37,1-8-Partei
W37,1-8-Partei,8,Andere Partei,gip,W37,1-8-Partei
W37,1-8-Partei,-98,Keine Angabe,gip,W37,1-8-Partei
W37,1-5-zutreffen,1,trifft überhaupt nicht zu,gip,W37,1-5-zutreffen
W37,1-5-zutreffen,2,trifft eher nicht zu,gip,W37,1-5-zutreffen
W37,1-5-zutreffen,3,weder noch,gip,W37,1-5-zutreffen
W37,1-5-zutreffen,4,eher zutreffend,gip,W37,1-5-zutreffen
W37,1-5-zutreffen,5,trifft voll und ganz zu,gip,W37,1-5-zutreffen
W37,1-15-Einkommen,1,unter 150 Euro,gip,W37,1-15-Einkommen
W37,1-15-Einkommen,2,150 bis unter 400 Euro,gip,W37,1-15-Einkommen
W37,1-15-Einkommen,3,400 bis unter 1000 Euro,gip,W37,1-15-Einkommen
W37,1-15-Einkommen,4,1000 bis unter 1500 Euro,gip,W37,1-15-Einkommen
W37,1-15-Einkommen,5,1500 bis unter 2000 Euro,gip,W37,1-15-Einkommen
W37,1-15-Einkommen,6,2000 bis unter 2500 Euro,gip,W37,1-15-Einkommen
W37,1-15-Einkommen,7,2500 bis unter 3000 Euro,gip,W37,1-15-Einkommen
W37,1-15-Einkommen,8,3000 bis unter 3500 Euro,gip,W37,1-15-Einkommen
W37,1-15-Einkommen,9,3500 bis unter 4000 Euro,gip,W37,1-15-Einkommen
W37,1-15-Einkommen,10,4000 bis unter 4500 Euro,gip,W37,1-15-Einkommen
W37,1-15-Einkommen,11,4500 bis unter 5000 Euro,gip,W37,1-15-Einkommen
W37,1-15-Einkommen,12,5000 bis unter 5500 Euro,gip,W37,1-15-Einkommen
W37,1-15-Einkommen,13,5500 bis unter 6000 Euro,gip,W37,1-15-Einkommen
W37,1-15-Einkommen,14,6000 bis unter 7500 Euro,gip,W37,1-15-Einkommen
W37,1-15-Einkommen,15,7500 Euro und mehr,gip,W37,1-15-Einkommen
W37,1-15-Einkommen,-99,Weiß nicht,gip,W37,1-15-Einkommen
W37,1-15-Einkommen,-98,Keine Angabe,gip,W37,1-15-Einkommen
W37,1-11-Partei,1,Habe nicht gewählt,gip,W37,1-11-Partei
W37,1-11-Partei,2,Nicht wahlberechtigt (nicht volljährig/keine deutsche Staatsbürgerschaft),gip,W37,1-11-Partei
W37,1-11-Partei,3,CDU / CSU,gip,W37,1-11-Partei
W37,1-11-Partei,4,SPD,gip,W37,1-11-Partei
W37,1-11-Partei,7,Die Linke,gip,W37,1-11-Partei
W37,1-11-Partei,6,Bündnis 90 / Die Grünen,gip,W37,1-11-Partei
W37,1-11-Partei,5,FDP,gip,W37,1-11-Partei
W37,1-11-Partei,11,AfD,gip,W37,1-11-Partei
W37,1-11-Partei,9,Piratenpartei,gip,W37,1-11-Partei
W37,1-11-Partei,8,NPD,gip,W37,1-11-Partei
W37,1-11-Partei,10,"Andere Partei, und zwar (bitte eintragen): [answer field]",gip,W37,1-11-Partei
W37,1-11-Partei,-98,Möchte ich nicht sagen,gip,W37,1-11-Partei
W37,1-11-Partei,-99,Weiß ich nicht mehr,gip,W37,1-11-Partei
W37,1-4-bewertung,1,1 überhaupt nicht,gip,W37,1-4-bewertung
W37,1-4-bewertung,2,2,gip,W37,1-4-bewertung
W37,1-4-bewertung,3,3,gip,W37,1-4-bewertung
W37,1-4-bewertung,4,4 sehr,gip,W37,1-4-bewertung
W37,1-5-befragung-insgesamt,1,überhaupt nicht,gip,W37,1-5-befragung-insgesamt
W37,1-5-befragung-insgesamt,2,nicht so gut,gip,W37,1-5-befragung-insgesamt
W37,1-5-befragung-insgesamt,3,mittelmäßig,gip,W37,1-5-befragung-insgesamt
W37,1-5-befragung-insgesamt,4,gut,gip,W37,1-5-befragung-insgesamt
W37,1-5-befragung-insgesamt,5,sehr gut,gip,W37,1-5-befragung-insgesamt
W38,0-10-akzeptabel,0,0 Überhaupt nicht akzeptabel ,gip,W38,0-10-akzeptabel
W38,0-10-akzeptabel,1,1,gip,W38,0-10-akzeptabel
W38,0-10-akzeptabel,2,2,gip,W38,0-10-akzeptabel
W38,0-10-akzeptabel,3,3,gip,W38,0-10-akzeptabel
W38,0-10-akzeptabel,4,4,gip,W38,0-10-akzeptabel
W38,0-10-akzeptabel,5,5,gip,W38,0-10-akzeptabel
W38,0-10-akzeptabel,6,6,gip,W38,0-10-akzeptabel
W38,0-10-akzeptabel,7,7,gip,W38,0-10-akzeptabel
W38,0-10-akzeptabel,8,8,gip,W38,0-10-akzeptabel
W38,0-10-akzeptabel,9,9,gip,W38,0-10-akzeptabel
W38,0-10-akzeptabel,10,10 Vollkommen akzeptabel ,gip,W38,0-10-akzeptabel
W38,0-10-nie-immer,0,0 Nie ,gip,W38,0-10-nie-immer
W38,0-10-nie-immer,1,1,gip,W38,0-10-nie-immer
W38,0-10-nie-immer,2,2,gip,W38,0-10-nie-immer
W38,0-10-nie-immer,3,3,gip,W38,0-10-nie-immer
W38,0-10-nie-immer,4,4,gip,W38,0-10-nie-immer
W38,0-10-nie-immer,5,5,gip,W38,0-10-nie-immer
W38,0-10-nie-immer,6,6,gip,W38,0-10-nie-immer
W38,0-10-nie-immer,7,7,gip,W38,0-10-nie-immer
W38,0-10-nie-immer,8,8,gip,W38,0-10-nie-immer
W38,0-10-nie-immer,9,9,gip,W38,0-10-nie-immer
W38,0-10-nie-immer,10,10 Immer,gip,W38,0-10-nie-immer
W38,0-10-wahrscheinlich,0,0 Überhaupt nicht wahrscheinlich ,gip,W38,0-10-wahrscheinlich
W38,0-10-wahrscheinlich,1,1,gip,W38,0-10-wahrscheinlich
W38,0-10-wahrscheinlich,2,2,gip,W38,0-10-wahrscheinlich
W38,0-10-wahrscheinlich,3,3,gip,W38,0-10-wahrscheinlich
W38,0-10-wahrscheinlich,4,4,gip,W38,0-10-wahrscheinlich
W38,0-10-wahrscheinlich,5,5,gip,W38,0-10-wahrscheinlich
W38,0-10-wahrscheinlich,6,6,gip,W38,0-10-wahrscheinlich
W38,0-10-wahrscheinlich,7,7,gip,W38,0-10-wahrscheinlich
W38,0-10-wahrscheinlich,8,8,gip,W38,0-10-wahrscheinlich
W38,0-10-wahrscheinlich,9,9,gip,W38,0-10-wahrscheinlich
W38,0-10-wahrscheinlich,10,10 Äußerst wahrscheinlich,gip,W38,0-10-wahrscheinlich
W38,0-4-stark,0,0 Überhaupt nicht ,gip,W38,0-4-stark
W38,0-4-stark,1,1,gip,W38,0-4-stark
W38,0-4-stark,2,2,gip,W38,0-4-stark
W38,0-4-stark,3,3,gip,W38,0-4-stark
W38,0-4-stark,4,4 Sehr stark,gip,W38,0-4-stark
W38,0-4-stark,-99,weiß nicht ,gip,W38,0-4-stark
W38,0-4-weniger-mehr,0,Weniger ,gip,W38,0-4-weniger-mehr
W38,0-4-weniger-mehr,1,Eher weniger ,gip,W38,0-4-weniger-mehr
W38,0-4-weniger-mehr,2,In gleichem Maße ,gip,W38,0-4-weniger-mehr
W38,0-4-weniger-mehr,3,Eher mehr ,gip,W38,0-4-weniger-mehr
W38,0-4-weniger-mehr,4,Mehr,gip,W38,0-4-weniger-mehr
W38,0-4-weniger-mehr,-99,weiß nicht ,gip,W38,0-4-weniger-mehr
W38,0-4-positiv-negativ,0,Positiv,gip,W38,0-4-positiv-negativ
W38,0-4-positiv-negativ,1,Eher positiv,gip,W38,0-4-positiv-negativ
W38,0-4-positiv-negativ,2,Weder positiv noch negativ,gip,W38,0-4-positiv-negativ
W38,0-4-positiv-negativ,3,Eher negativ,gip,W38,0-4-positiv-negativ
W38,0-4-positiv-negativ,4,Negativ,gip,W38,0-4-positiv-negativ
W38,0-4-positiv-negativ,-99,weiß nicht ,gip,W38,0-4-positiv-negativ
W38,1-0-ja-nein,1,Ja,gip,W38,1-0-ja-nein
W38,1-0-ja-nein,0,Nein,gip,W38,1-0-ja-nein
W38,1-0-ja-nein,-99,weiß nicht ,gip,W38,1-0-ja-nein
W38,0-4-Klimaschutz,0,Viel mehr Klimaschutz,gip,W38,0-4-Klimaschutz
W38,0-4-Klimaschutz,1,Eher mehr ,gip,W38,0-4-Klimaschutz
W38,0-4-Klimaschutz,2,Weder mehr noch weniger,gip,W38,0-4-Klimaschutz
W38,0-4-Klimaschutz,3,Eher weniger ,gip,W38,0-4-Klimaschutz
W38,0-4-Klimaschutz,4,Viel weniger Klimaschutz,gip,W38,0-4-Klimaschutz
W38,0-4-Klimaschutz,-99,weiß nicht ,gip,W38,0-4-Klimaschutz
W38,0-4-ausreichend,0,0 Überhaupt nicht ausreichend,gip,W38,0-4-ausreichend
W38,0-4-ausreichend,1,1,gip,W38,0-4-ausreichend
W38,0-4-ausreichend,2,2,gip,W38,0-4-ausreichend
W38,0-4-ausreichend,3,3,gip,W38,0-4-ausreichend
W38,0-4-ausreichend,4,4 Völlig ausreichend,gip,W38,0-4-ausreichend
W38,0-4-ausreichend,-99,weiß nicht ,gip,W38,0-4-ausreichend
W38,0-4-geringer-höher,0,Geringer,gip,W38,0-4-geringer-höher
W38,0-4-geringer-höher,1,Eher geringer,gip,W38,0-4-geringer-höher
W38,0-4-geringer-höher,2,Unverändert,gip,W38,0-4-geringer-höher
W38,0-4-geringer-höher,3,Eher höher,gip,W38,0-4-geringer-höher
W38,0-4-geringer-höher,4,Höher,gip,W38,0-4-geringer-höher
W38,0-4-geringer-höher,-99,weiß nicht ,gip,W38,0-4-geringer-höher
W38,1-4-Abstimmung,1,"Ich würde dafür stimmen, dass Deutschland Mitglied der Europäischen Union bleibt. ",gip,W38,1-4-Abstimmung
W38,1-4-Abstimmung,2,"Ich würde dafür stimmen, dass Deutschland die Europäische Union verlässt. ",gip,W38,1-4-Abstimmung
W38,1-4-Abstimmung,3,Ich würde nicht abstimmen.,gip,W38,1-4-Abstimmung
W38,1-4-Abstimmung,4,Ich wäre nicht abstimmungsberechtigt (nicht volljährig/keine deutsche Staatsbürgerschaft).,gip,W38,1-4-Abstimmung
W38,1-4-Abstimmung,-98,Möchte ich nicht sagen ,gip,W38,1-4-Abstimmung
W38,1-4-Abstimmung,-99,weiß nicht ,gip,W38,1-4-Abstimmung
W38,1-11-zufrieden,1,1 völlig unzufrieden,gip,W38,1-11-zufrieden
W38,1-11-zufrieden,2,2,gip,W38,1-11-zufrieden
W38,1-11-zufrieden,3,3,gip,W38,1-11-zufrieden
W38,1-11-zufrieden,4,4,gip,W38,1-11-zufrieden
W38,1-11-zufrieden,5,5,gip,W38,1-11-zufrieden
W38,1-11-zufrieden,6,6,gip,W38,1-11-zufrieden
W38,1-11-zufrieden,7,7,gip,W38,1-11-zufrieden
W38,1-11-zufrieden,8,8,gip,W38,1-11-zufrieden
W38,1-11-zufrieden,9,9,gip,W38,1-11-zufrieden
W38,1-11-zufrieden,10,10,gip,W38,1-11-zufrieden
W38,1-11-zufrieden,11,11 völlig zufrieden,gip,W38,1-11-zufrieden
W38,1-11-zufrieden,-99,weiß nicht ,gip,W38,1-11-zufrieden
W38,1-11-geschlossen,1,1 sehr zerstritten,gip,W38,1-11-geschlossen
W38,1-11-geschlossen,2,2,gip,W38,1-11-geschlossen
W38,1-11-geschlossen,3,3,gip,W38,1-11-geschlossen
W38,1-11-geschlossen,4,4,gip,W38,1-11-geschlossen
W38,1-11-geschlossen,5,5,gip,W38,1-11-geschlossen
W38,1-11-geschlossen,6,6,gip,W38,1-11-geschlossen
W38,1-11-geschlossen,7,7,gip,W38,1-11-geschlossen
W38,1-11-geschlossen,8,8,gip,W38,1-11-geschlossen
W38,1-11-geschlossen,9,9,gip,W38,1-11-geschlossen
W38,1-11-geschlossen,10,10,gip,W38,1-11-geschlossen
W38,1-11-geschlossen,11,11 sehr geschlossen,gip,W38,1-11-geschlossen
W38,1-11-geschlossen,-99,weiß nicht ,gip,W38,1-11-geschlossen
W38,1-11-genau,1,1 sehr vage,gip,W38,1-11-genau
W38,1-11-genau,2,2,gip,W38,1-11-genau
W38,1-11-genau,3,3,gip,W38,1-11-genau
W38,1-11-genau,4,4,gip,W38,1-11-genau
W38,1-11-genau,5,5,gip,W38,1-11-genau
W38,1-11-genau,6,6,gip,W38,1-11-genau
W38,1-11-genau,7,7,gip,W38,1-11-genau
W38,1-11-genau,8,8,gip,W38,1-11-genau
W38,1-11-genau,9,9,gip,W38,1-11-genau
W38,1-11-genau,10,10,gip,W38,1-11-genau
W38,1-11-genau,11,11 sehr genau,gip,W38,1-11-genau
W38,1-11-genau,-99,weiß nicht ,gip,W38,1-11-genau
W38,1-11-zustimmung,1,1 stimme voll und ganz zu,gip,W38,1-11-zustimmung
W38,1-11-zustimmung,2,2,gip,W38,1-11-zustimmung
W38,1-11-zustimmung,3,3,gip,W38,1-11-zustimmung
W38,1-11-zustimmung,4,4,gip,W38,1-11-zustimmung
W38,1-11-zustimmung,5,5,gip,W38,1-11-zustimmung
W38,1-11-zustimmung,6,6,gip,W38,1-11-zustimmung
W38,1-11-zustimmung,7,7,gip,W38,1-11-zustimmung
W38,1-11-zustimmung,8,8,gip,W38,1-11-zustimmung
W38,1-11-zustimmung,9,9,gip,W38,1-11-zustimmung
W38,1-11-zustimmung,10,10,gip,W38,1-11-zustimmung
W38,1-11-zustimmung,11,11 lehne voll und ganz ab,gip,W38,1-11-zustimmung
W38,1-11-zustimmung,-99,weiß nicht ,gip,W38,1-11-zustimmung
W38,1-7-wichtig,1,1 sehr wichtig,gip,W38,1-7-wichtig
W38,1-7-wichtig,2,2,gip,W38,1-7-wichtig
W38,1-7-wichtig,3,3,gip,W38,1-7-wichtig
W38,1-7-wichtig,4,4,gip,W38,1-7-wichtig
W38,1-7-wichtig,5,5,gip,W38,1-7-wichtig
W38,1-7-wichtig,6,6,gip,W38,1-7-wichtig
W38,1-7-wichtig,7,7 überhaupt nicht wichtig,gip,W38,1-7-wichtig
W38,1-7-wichtig,-99,weiß nicht ,gip,W38,1-7-wichtig
W38,1-11-wahrscheinlich,1,1 sehr unwahrscheinlich,gip,W38,1-11-wahrscheinlich
W38,1-11-wahrscheinlich,2,2,gip,W38,1-11-wahrscheinlich
W38,1-11-wahrscheinlich,3,3,gip,W38,1-11-wahrscheinlich
W38,1-11-wahrscheinlich,4,4,gip,W38,1-11-wahrscheinlich
W38,1-11-wahrscheinlich,5,5,gip,W38,1-11-wahrscheinlich
W38,1-11-wahrscheinlich,6,6,gip,W38,1-11-wahrscheinlich
W38,1-11-wahrscheinlich,7,7,gip,W38,1-11-wahrscheinlich
W38,1-11-wahrscheinlich,8,8,gip,W38,1-11-wahrscheinlich
W38,1-11-wahrscheinlich,9,9,gip,W38,1-11-wahrscheinlich
W38,1-11-wahrscheinlich,10,10,gip,W38,1-11-wahrscheinlich
W38,1-11-wahrscheinlich,11,11 sehr wahrscheinlich,gip,W38,1-11-wahrscheinlich
W38,1-11-wahrscheinlich,-77,kenne diese Partei nicht,gip,W38,1-11-wahrscheinlich
W38,1-11-wahrscheinlich,-99,weiß nicht ,gip,W38,1-11-wahrscheinlich
W38,1-0-ja,1,Ja,gip,W38,1-0-ja
W38,1-0-ja,0,Nein,gip,W38,1-0-ja
W38,0-10-sicher,0,0 Überhaupt nicht sicher,gip,W38,0-10-sicher
W38,0-10-sicher,1,1,gip,W38,0-10-sicher
W38,0-10-sicher,2,2,gip,W38,0-10-sicher
W38,0-10-sicher,3,3,gip,W38,0-10-sicher
W38,0-10-sicher,4,4,gip,W38,0-10-sicher
W38,0-10-sicher,5,5,gip,W38,0-10-sicher
W38,0-10-sicher,6,6,gip,W38,0-10-sicher
W38,0-10-sicher,7,7,gip,W38,0-10-sicher
W38,0-10-sicher,8,8,gip,W38,0-10-sicher
W38,0-10-sicher,9,9,gip,W38,0-10-sicher
W38,0-10-sicher,10,10 Vollkommen sicher,gip,W38,0-10-sicher
W38,1-4-bewertung,1,1 überhaupt nicht,gip,W38,1-4-bewertung
W38,1-4-bewertung,2,2,gip,W38,1-4-bewertung
W38,1-4-bewertung,3,3,gip,W38,1-4-bewertung
W38,1-4-bewertung,4,4 sehr,gip,W38,1-4-bewertung
W38,1-5-befragung-insgesamt,1,überhaupt nicht,gip,W38,1-5-befragung-insgesamt
W38,1-5-befragung-insgesamt,2,nicht so gut,gip,W38,1-5-befragung-insgesamt
W38,1-5-befragung-insgesamt,3,mittelmäßig,gip,W38,1-5-befragung-insgesamt
W38,1-5-befragung-insgesamt,4,gut,gip,W38,1-5-befragung-insgesamt
W38,1-5-befragung-insgesamt,5,sehr gut,gip,W38,1-5-befragung-insgesamt
