type,study,dataset,variable,instrument,question,url,url_text
question,gip,,,W59,Page 1 Introduction,https://github.com/paneldata/gip/raw/master/pdfs/W59.pdf,PDF Version of the questionnaire W59
question,gip,,,W59,Page 2,https://github.com/paneldata/gip/raw/master/pdfs/W59.pdf,PDF Version of the questionnaire W59
question,gip,,,W59,Page 3,https://github.com/paneldata/gip/raw/master/pdfs/W59.pdf,PDF Version of the questionnaire W59
question,gip,,,W59,Page 4,https://github.com/paneldata/gip/raw/master/pdfs/W59.pdf,PDF Version of the questionnaire W59
question,gip,,,W59,Page 5,https://github.com/paneldata/gip/raw/master/pdfs/W59.pdf,PDF Version of the questionnaire W59
question,gip,,,W59,Page 6,https://github.com/paneldata/gip/raw/master/pdfs/W59.pdf,PDF Version of the questionnaire W59
question,gip,,,W59,Page 7,https://github.com/paneldata/gip/raw/master/pdfs/W59.pdf,PDF Version of the questionnaire W59
question,gip,,,W59,Page 8,https://github.com/paneldata/gip/raw/master/pdfs/W59.pdf,PDF Version of the questionnaire W59
question,gip,,,W59,Page 9,https://github.com/paneldata/gip/raw/master/pdfs/W59.pdf,PDF Version of the questionnaire W59
question,gip,,,W59,Page 10,https://github.com/paneldata/gip/raw/master/pdfs/W59.pdf,PDF Version of the questionnaire W59
question,gip,,,W59,Page 11,https://github.com/paneldata/gip/raw/master/pdfs/W59.pdf,PDF Version of the questionnaire W59
question,gip,,,W59,Page 12,https://github.com/paneldata/gip/raw/master/pdfs/W59.pdf,PDF Version of the questionnaire W59
question,gip,,,W59,Page 13,https://github.com/paneldata/gip/raw/master/pdfs/W59.pdf,PDF Version of the questionnaire W59
question,gip,,,W59,Page 14,https://github.com/paneldata/gip/raw/master/pdfs/W59.pdf,PDF Version of the questionnaire W59
question,gip,,,W59,Page 15,https://github.com/paneldata/gip/raw/master/pdfs/W59.pdf,PDF Version of the questionnaire W59
question,gip,,,W59,Page 16,https://github.com/paneldata/gip/raw/master/pdfs/W59.pdf,PDF Version of the questionnaire W59
question,gip,,,W59,Page 17,https://github.com/paneldata/gip/raw/master/pdfs/W59.pdf,PDF Version of the questionnaire W59
question,gip,,,W59,Page 18,https://github.com/paneldata/gip/raw/master/pdfs/W59.pdf,PDF Version of the questionnaire W59
question,gip,,,W59,Page 19,https://github.com/paneldata/gip/raw/master/pdfs/W59.pdf,PDF Version of the questionnaire W59
question,gip,,,W59,Page 20,https://github.com/paneldata/gip/raw/master/pdfs/W59.pdf,PDF Version of the questionnaire W59
question,gip,,,W59,Page 21,https://github.com/paneldata/gip/raw/master/pdfs/W59.pdf,PDF Version of the questionnaire W59
question,gip,,,W59,Page 22,https://github.com/paneldata/gip/raw/master/pdfs/W59.pdf,PDF Version of the questionnaire W59
question,gip,,,W59,Page 23,https://github.com/paneldata/gip/raw/master/pdfs/W59.pdf,PDF Version of the questionnaire W59
question,gip,,,W59,Page 24,https://github.com/paneldata/gip/raw/master/pdfs/W59.pdf,PDF Version of the questionnaire W59
question,gip,,,W59,Page 25,https://github.com/paneldata/gip/raw/master/pdfs/W59.pdf,PDF Version of the questionnaire W59
question,gip,,,W59,Page 26,https://github.com/paneldata/gip/raw/master/pdfs/W59.pdf,PDF Version of the questionnaire W59
question,gip,,,W59,Page 27,https://github.com/paneldata/gip/raw/master/pdfs/W59.pdf,PDF Version of the questionnaire W59
question,gip,,,W59,Page 28,https://github.com/paneldata/gip/raw/master/pdfs/W59.pdf,PDF Version of the questionnaire W59
question,gip,,,W59,Page 29,https://github.com/paneldata/gip/raw/master/pdfs/W59.pdf,PDF Version of the questionnaire W59
question,gip,,,W59,Page 30,https://github.com/paneldata/gip/raw/master/pdfs/W59.pdf,PDF Version of the questionnaire W59
question,gip,,,W59,Page 31,https://github.com/paneldata/gip/raw/master/pdfs/W59.pdf,PDF Version of the questionnaire W59
question,gip,,,W59,Page 32,https://github.com/paneldata/gip/raw/master/pdfs/W59.pdf,PDF Version of the questionnaire W59
question,gip,,,W59,Page 33,https://github.com/paneldata/gip/raw/master/pdfs/W59.pdf,PDF Version of the questionnaire W59
question,gip,,,W59,Page 34,https://github.com/paneldata/gip/raw/master/pdfs/W59.pdf,PDF Version of the questionnaire W59
question,gip,,,W59,Page 35,https://github.com/paneldata/gip/raw/master/pdfs/W59.pdf,PDF Version of the questionnaire W59
question,gip,,,W59,Page 36,https://github.com/paneldata/gip/raw/master/pdfs/W59.pdf,PDF Version of the questionnaire W59
question,gip,,,W59,Page 37,https://github.com/paneldata/gip/raw/master/pdfs/W59.pdf,PDF Version of the questionnaire W59
question,gip,,,W59,Page 38,https://github.com/paneldata/gip/raw/master/pdfs/W59.pdf,PDF Version of the questionnaire W59
question,gip,,,W59,Page 39,https://github.com/paneldata/gip/raw/master/pdfs/W59.pdf,PDF Version of the questionnaire W59
question,gip,,,W59,Page 40,https://github.com/paneldata/gip/raw/master/pdfs/W59.pdf,PDF Version of the questionnaire W59
question,gip,,,W59,Page 41,https://github.com/paneldata/gip/raw/master/pdfs/W59.pdf,PDF Version of the questionnaire W59
question,gip,,,W59,Page 42,https://github.com/paneldata/gip/raw/master/pdfs/W59.pdf,PDF Version of the questionnaire W59
question,gip,,,W59,Page 43,https://github.com/paneldata/gip/raw/master/pdfs/W59.pdf,PDF Version of the questionnaire W59
question,gip,,,W59,Page 44,https://github.com/paneldata/gip/raw/master/pdfs/W59.pdf,PDF Version of the questionnaire W59
question,gip,,,W59,Page 45,https://github.com/paneldata/gip/raw/master/pdfs/W59.pdf,PDF Version of the questionnaire W59
question,gip,,,W59,Page 46,https://github.com/paneldata/gip/raw/master/pdfs/W59.pdf,PDF Version of the questionnaire W59
question,gip,,,W59,Page 47,https://github.com/paneldata/gip/raw/master/pdfs/W59.pdf,PDF Version of the questionnaire W59
question,gip,,,W59,Page 48,https://github.com/paneldata/gip/raw/master/pdfs/W59.pdf,PDF Version of the questionnaire W59
question,gip,,,W59,Page 49,https://github.com/paneldata/gip/raw/master/pdfs/W59.pdf,PDF Version of the questionnaire W59
question,gip,,,W59,Page 50,https://github.com/paneldata/gip/raw/master/pdfs/W59.pdf,PDF Version of the questionnaire W59
question,gip,,,W59,Page 51,https://github.com/paneldata/gip/raw/master/pdfs/W59.pdf,PDF Version of the questionnaire W59
question,gip,,,W59,Page 52,https://github.com/paneldata/gip/raw/master/pdfs/W59.pdf,PDF Version of the questionnaire W59
question,gip,,,W59,Page 53,https://github.com/paneldata/gip/raw/master/pdfs/W59.pdf,PDF Version of the questionnaire W59
question,gip,,,W59,Page 54,https://github.com/paneldata/gip/raw/master/pdfs/W59.pdf,PDF Version of the questionnaire W59
question,gip,,,W59,Page 55,https://github.com/paneldata/gip/raw/master/pdfs/W59.pdf,PDF Version of the questionnaire W59
question,gip,,,W59,Page 56,https://github.com/paneldata/gip/raw/master/pdfs/W59.pdf,PDF Version of the questionnaire W59
question,gip,,,W59,Page 57,https://github.com/paneldata/gip/raw/master/pdfs/W59.pdf,PDF Version of the questionnaire W59
question,gip,,,W59,Page 58,https://github.com/paneldata/gip/raw/master/pdfs/W59.pdf,PDF Version of the questionnaire W59
question,gip,,,W59,Page 59,https://github.com/paneldata/gip/raw/master/pdfs/W59.pdf,PDF Version of the questionnaire W59
question,gip,,,W59,Page 60,https://github.com/paneldata/gip/raw/master/pdfs/W59.pdf,PDF Version of the questionnaire W59
question,gip,,,W59,Page 61,https://github.com/paneldata/gip/raw/master/pdfs/W59.pdf,PDF Version of the questionnaire W59
question,gip,,,W59,Page 62,https://github.com/paneldata/gip/raw/master/pdfs/W59.pdf,PDF Version of the questionnaire W59
question,gip,,,W59,Page 63,https://github.com/paneldata/gip/raw/master/pdfs/W59.pdf,PDF Version of the questionnaire W59
question,gip,,,W59,Page 64,https://github.com/paneldata/gip/raw/master/pdfs/W59.pdf,PDF Version of the questionnaire W59
question,gip,,,W59,Page 65,https://github.com/paneldata/gip/raw/master/pdfs/W59.pdf,PDF Version of the questionnaire W59
question,gip,,,W59,Page 66,https://github.com/paneldata/gip/raw/master/pdfs/W59.pdf,PDF Version of the questionnaire W59
question,gip,,,W59,Page 67,https://github.com/paneldata/gip/raw/master/pdfs/W59.pdf,PDF Version of the questionnaire W59
question,gip,,,W59,Page 68,https://github.com/paneldata/gip/raw/master/pdfs/W59.pdf,PDF Version of the questionnaire W59
question,gip,,,W59,Page 69,https://github.com/paneldata/gip/raw/master/pdfs/W59.pdf,PDF Version of the questionnaire W59
question,gip,,,W59,Page 70,https://github.com/paneldata/gip/raw/master/pdfs/W59.pdf,PDF Version of the questionnaire W59
question,gip,,,W59,Page 71,https://github.com/paneldata/gip/raw/master/pdfs/W59.pdf,PDF Version of the questionnaire W59
question,gip,,,W59,Page 72,https://github.com/paneldata/gip/raw/master/pdfs/W59.pdf,PDF Version of the questionnaire W59
question,gip,,,W59,Page 73,https://github.com/paneldata/gip/raw/master/pdfs/W59.pdf,PDF Version of the questionnaire W59
question,gip,,,W59,Page 74 Outro,https://github.com/paneldata/gip/raw/master/pdfs/W59.pdf,PDF Version of the questionnaire W59
question,gip,,,W60,Page 1 Introduction,https://github.com/paneldata/gip/raw/master/pdfs/W60.pdf,PDF Version of the questionnaire W60
question,gip,,,W60,Page 2,https://github.com/paneldata/gip/raw/master/pdfs/W60.pdf,PDF Version of the questionnaire W60
question,gip,,,W60,Page 3,https://github.com/paneldata/gip/raw/master/pdfs/W60.pdf,PDF Version of the questionnaire W60
question,gip,,,W60,Page 4,https://github.com/paneldata/gip/raw/master/pdfs/W60.pdf,PDF Version of the questionnaire W60
question,gip,,,W60,Page 5,https://github.com/paneldata/gip/raw/master/pdfs/W60.pdf,PDF Version of the questionnaire W60
question,gip,,,W60,Page 6,https://github.com/paneldata/gip/raw/master/pdfs/W60.pdf,PDF Version of the questionnaire W60
question,gip,,,W60,Page 7,https://github.com/paneldata/gip/raw/master/pdfs/W60.pdf,PDF Version of the questionnaire W60
question,gip,,,W60,Page 8,https://github.com/paneldata/gip/raw/master/pdfs/W60.pdf,PDF Version of the questionnaire W60
question,gip,,,W60,Page 9,https://github.com/paneldata/gip/raw/master/pdfs/W60.pdf,PDF Version of the questionnaire W60
question,gip,,,W60,Page 10,https://github.com/paneldata/gip/raw/master/pdfs/W60.pdf,PDF Version of the questionnaire W60
question,gip,,,W60,Page 11,https://github.com/paneldata/gip/raw/master/pdfs/W60.pdf,PDF Version of the questionnaire W60
question,gip,,,W60,Page 12,https://github.com/paneldata/gip/raw/master/pdfs/W60.pdf,PDF Version of the questionnaire W60
question,gip,,,W60,Page 13,https://github.com/paneldata/gip/raw/master/pdfs/W60.pdf,PDF Version of the questionnaire W60
question,gip,,,W60,Page 14,https://github.com/paneldata/gip/raw/master/pdfs/W60.pdf,PDF Version of the questionnaire W60
question,gip,,,W60,Page 15,https://github.com/paneldata/gip/raw/master/pdfs/W60.pdf,PDF Version of the questionnaire W60
question,gip,,,W60,Page 16,https://github.com/paneldata/gip/raw/master/pdfs/W60.pdf,PDF Version of the questionnaire W60
question,gip,,,W60,Page 17,https://github.com/paneldata/gip/raw/master/pdfs/W60.pdf,PDF Version of the questionnaire W60
question,gip,,,W60,Page 18,https://github.com/paneldata/gip/raw/master/pdfs/W60.pdf,PDF Version of the questionnaire W60
question,gip,,,W60,Page 19,https://github.com/paneldata/gip/raw/master/pdfs/W60.pdf,PDF Version of the questionnaire W60
question,gip,,,W60,Page 20,https://github.com/paneldata/gip/raw/master/pdfs/W60.pdf,PDF Version of the questionnaire W60
question,gip,,,W60,Page 21,https://github.com/paneldata/gip/raw/master/pdfs/W60.pdf,PDF Version of the questionnaire W60
question,gip,,,W60,Page 22,https://github.com/paneldata/gip/raw/master/pdfs/W60.pdf,PDF Version of the questionnaire W60
question,gip,,,W60,Page 23,https://github.com/paneldata/gip/raw/master/pdfs/W60.pdf,PDF Version of the questionnaire W60
question,gip,,,W60,Page 24,https://github.com/paneldata/gip/raw/master/pdfs/W60.pdf,PDF Version of the questionnaire W60
question,gip,,,W60,Page 25,https://github.com/paneldata/gip/raw/master/pdfs/W60.pdf,PDF Version of the questionnaire W60
question,gip,,,W60,Page 26,https://github.com/paneldata/gip/raw/master/pdfs/W60.pdf,PDF Version of the questionnaire W60
question,gip,,,W60,Page 27,https://github.com/paneldata/gip/raw/master/pdfs/W60.pdf,PDF Version of the questionnaire W60
question,gip,,,W60,Page 28,https://github.com/paneldata/gip/raw/master/pdfs/W60.pdf,PDF Version of the questionnaire W60
question,gip,,,W60,Page 29,https://github.com/paneldata/gip/raw/master/pdfs/W60.pdf,PDF Version of the questionnaire W60
question,gip,,,W60,Page 30,https://github.com/paneldata/gip/raw/master/pdfs/W60.pdf,PDF Version of the questionnaire W60
question,gip,,,W60,Page 31,https://github.com/paneldata/gip/raw/master/pdfs/W60.pdf,PDF Version of the questionnaire W60
question,gip,,,W60,Page 32,https://github.com/paneldata/gip/raw/master/pdfs/W60.pdf,PDF Version of the questionnaire W60
question,gip,,,W60,Page 33,https://github.com/paneldata/gip/raw/master/pdfs/W60.pdf,PDF Version of the questionnaire W60
question,gip,,,W60,Page 34,https://github.com/paneldata/gip/raw/master/pdfs/W60.pdf,PDF Version of the questionnaire W60
question,gip,,,W60,Page 35,https://github.com/paneldata/gip/raw/master/pdfs/W60.pdf,PDF Version of the questionnaire W60
question,gip,,,W60,Page 36,https://github.com/paneldata/gip/raw/master/pdfs/W60.pdf,PDF Version of the questionnaire W60
question,gip,,,W60,Page 37,https://github.com/paneldata/gip/raw/master/pdfs/W60.pdf,PDF Version of the questionnaire W60
question,gip,,,W60,Page 38,https://github.com/paneldata/gip/raw/master/pdfs/W60.pdf,PDF Version of the questionnaire W60
question,gip,,,W60,Page 39,https://github.com/paneldata/gip/raw/master/pdfs/W60.pdf,PDF Version of the questionnaire W60
question,gip,,,W60,Page 40,https://github.com/paneldata/gip/raw/master/pdfs/W60.pdf,PDF Version of the questionnaire W60
question,gip,,,W60,Page 41,https://github.com/paneldata/gip/raw/master/pdfs/W60.pdf,PDF Version of the questionnaire W60
question,gip,,,W60,Page 42,https://github.com/paneldata/gip/raw/master/pdfs/W60.pdf,PDF Version of the questionnaire W60
question,gip,,,W60,Page 43,https://github.com/paneldata/gip/raw/master/pdfs/W60.pdf,PDF Version of the questionnaire W60
question,gip,,,W60,Page 44,https://github.com/paneldata/gip/raw/master/pdfs/W60.pdf,PDF Version of the questionnaire W60
question,gip,,,W60,Page 45,https://github.com/paneldata/gip/raw/master/pdfs/W60.pdf,PDF Version of the questionnaire W60
question,gip,,,W60,Page 46,https://github.com/paneldata/gip/raw/master/pdfs/W60.pdf,PDF Version of the questionnaire W60
question,gip,,,W60,Page 47,https://github.com/paneldata/gip/raw/master/pdfs/W60.pdf,PDF Version of the questionnaire W60
question,gip,,,W60,Page 48,https://github.com/paneldata/gip/raw/master/pdfs/W60.pdf,PDF Version of the questionnaire W60
question,gip,,,W60,Page 49,https://github.com/paneldata/gip/raw/master/pdfs/W60.pdf,PDF Version of the questionnaire W60
question,gip,,,W60,Page 50,https://github.com/paneldata/gip/raw/master/pdfs/W60.pdf,PDF Version of the questionnaire W60
question,gip,,,W60,Page 51,https://github.com/paneldata/gip/raw/master/pdfs/W60.pdf,PDF Version of the questionnaire W60
question,gip,,,W60,Page 52,https://github.com/paneldata/gip/raw/master/pdfs/W60.pdf,PDF Version of the questionnaire W60
question,gip,,,W60,Page 53,https://github.com/paneldata/gip/raw/master/pdfs/W60.pdf,PDF Version of the questionnaire W60
question,gip,,,W60,Page 54,https://github.com/paneldata/gip/raw/master/pdfs/W60.pdf,PDF Version of the questionnaire W60
question,gip,,,W60,Page 55,https://github.com/paneldata/gip/raw/master/pdfs/W60.pdf,PDF Version of the questionnaire W60
question,gip,,,W60,Page 56,https://github.com/paneldata/gip/raw/master/pdfs/W60.pdf,PDF Version of the questionnaire W60
question,gip,,,W60,Page 57,https://github.com/paneldata/gip/raw/master/pdfs/W60.pdf,PDF Version of the questionnaire W60
question,gip,,,W60,Page 58,https://github.com/paneldata/gip/raw/master/pdfs/W60.pdf,PDF Version of the questionnaire W60
question,gip,,,W60,Page 59 ,https://github.com/paneldata/gip/raw/master/pdfs/W60.pdf,PDF Version of the questionnaire W60
question,gip,,,W60,Page 60,https://github.com/paneldata/gip/raw/master/pdfs/W60.pdf,PDF Version of the questionnaire W60
question,gip,,,W60,Page 61,https://github.com/paneldata/gip/raw/master/pdfs/W60.pdf,PDF Version of the questionnaire W60
question,gip,,,W60,Page 62,https://github.com/paneldata/gip/raw/master/pdfs/W60.pdf,PDF Version of the questionnaire W60
question,gip,,,W60,Page 63,https://github.com/paneldata/gip/raw/master/pdfs/W60.pdf,PDF Version of the questionnaire W60
question,gip,,,W60,Page 64,https://github.com/paneldata/gip/raw/master/pdfs/W60.pdf,PDF Version of the questionnaire W60
question,gip,,,W60,Page 65,https://github.com/paneldata/gip/raw/master/pdfs/W60.pdf,PDF Version of the questionnaire W60
question,gip,,,W60,Page 66,https://github.com/paneldata/gip/raw/master/pdfs/W60.pdf,PDF Version of the questionnaire W60
question,gip,,,W60,Page 67,https://github.com/paneldata/gip/raw/master/pdfs/W60.pdf,PDF Version of the questionnaire W60
question,gip,,,W60,Page 68,https://github.com/paneldata/gip/raw/master/pdfs/W60.pdf,PDF Version of the questionnaire W60
question,gip,,,W60,Page 69,https://github.com/paneldata/gip/raw/master/pdfs/W60.pdf,PDF Version of the questionnaire W60
question,gip,,,W60,Page 70,https://github.com/paneldata/gip/raw/master/pdfs/W60.pdf,PDF Version of the questionnaire W60
question,gip,,,W60,Page 71,https://github.com/paneldata/gip/raw/master/pdfs/W60.pdf,PDF Version of the questionnaire W60
question,gip,,,W60,Page 72,https://github.com/paneldata/gip/raw/master/pdfs/W60.pdf,PDF Version of the questionnaire W60
question,gip,,,W60,Page 73,https://github.com/paneldata/gip/raw/master/pdfs/W60.pdf,PDF Version of the questionnaire W60
question,gip,,,W60,Page 74,https://github.com/paneldata/gip/raw/master/pdfs/W60.pdf,PDF Version of the questionnaire W60
question,gip,,,W60,Page 75,https://github.com/paneldata/gip/raw/master/pdfs/W60.pdf,PDF Version of the questionnaire W60
question,gip,,,W60,Page 76 Outro,https://github.com/paneldata/gip/raw/master/pdfs/W60.pdf,PDF Version of the questionnaire W60
question,gip,,,W61,Page 1 Introduction,https://github.com/paneldata/gip/raw/master/pdfs/W61.pdf,PDF Version of the questionnaire W61
question,gip,,,W61,Page 2,https://github.com/paneldata/gip/raw/master/pdfs/W61.pdf,PDF Version of the questionnaire W61
question,gip,,,W61,Page 3,https://github.com/paneldata/gip/raw/master/pdfs/W61.pdf,PDF Version of the questionnaire W61
question,gip,,,W61,Page 4,https://github.com/paneldata/gip/raw/master/pdfs/W61.pdf,PDF Version of the questionnaire W61
question,gip,,,W61,Page 5,https://github.com/paneldata/gip/raw/master/pdfs/W61.pdf,PDF Version of the questionnaire W61
question,gip,,,W61,Page 6,https://github.com/paneldata/gip/raw/master/pdfs/W61.pdf,PDF Version of the questionnaire W61
question,gip,,,W61,Page 7 ,https://github.com/paneldata/gip/raw/master/pdfs/W61.pdf,PDF Version of the questionnaire W61
question,gip,,,W61,Page 8,https://github.com/paneldata/gip/raw/master/pdfs/W61.pdf,PDF Version of the questionnaire W61
question,gip,,,W61,Page 9,https://github.com/paneldata/gip/raw/master/pdfs/W61.pdf,PDF Version of the questionnaire W61
question,gip,,,W61,Page 10,https://github.com/paneldata/gip/raw/master/pdfs/W61.pdf,PDF Version of the questionnaire W61
question,gip,,,W61,Page 11,https://github.com/paneldata/gip/raw/master/pdfs/W61.pdf,PDF Version of the questionnaire W61
question,gip,,,W61,Page 12,https://github.com/paneldata/gip/raw/master/pdfs/W61.pdf,PDF Version of the questionnaire W61
question,gip,,,W61,Page 13,https://github.com/paneldata/gip/raw/master/pdfs/W61.pdf,PDF Version of the questionnaire W61
question,gip,,,W61,Page 14,https://github.com/paneldata/gip/raw/master/pdfs/W61.pdf,PDF Version of the questionnaire W61
question,gip,,,W61,Page 15,https://github.com/paneldata/gip/raw/master/pdfs/W61.pdf,PDF Version of the questionnaire W61
question,gip,,,W61,Page 16,https://github.com/paneldata/gip/raw/master/pdfs/W61.pdf,PDF Version of the questionnaire W61
question,gip,,,W61,Page 17,https://github.com/paneldata/gip/raw/master/pdfs/W61.pdf,PDF Version of the questionnaire W61
question,gip,,,W61,Page 18,https://github.com/paneldata/gip/raw/master/pdfs/W61.pdf,PDF Version of the questionnaire W61
question,gip,,,W61,Page 19,https://github.com/paneldata/gip/raw/master/pdfs/W61.pdf,PDF Version of the questionnaire W61
question,gip,,,W61,Page 20,https://github.com/paneldata/gip/raw/master/pdfs/W61.pdf,PDF Version of the questionnaire W61
question,gip,,,W61,Page 21,https://github.com/paneldata/gip/raw/master/pdfs/W61.pdf,PDF Version of the questionnaire W61
question,gip,,,W61,Page 22,https://github.com/paneldata/gip/raw/master/pdfs/W61.pdf,PDF Version of the questionnaire W61
question,gip,,,W61,Page 23,https://github.com/paneldata/gip/raw/master/pdfs/W61.pdf,PDF Version of the questionnaire W61
question,gip,,,W61,Page 24,https://github.com/paneldata/gip/raw/master/pdfs/W61.pdf,PDF Version of the questionnaire W61
question,gip,,,W61,Page 25,https://github.com/paneldata/gip/raw/master/pdfs/W61.pdf,PDF Version of the questionnaire W61
question,gip,,,W61,Page 26,https://github.com/paneldata/gip/raw/master/pdfs/W61.pdf,PDF Version of the questionnaire W61
question,gip,,,W61,Page 27,https://github.com/paneldata/gip/raw/master/pdfs/W61.pdf,PDF Version of the questionnaire W61
question,gip,,,W61,Page 28,https://github.com/paneldata/gip/raw/master/pdfs/W61.pdf,PDF Version of the questionnaire W61
question,gip,,,W61,Page 29,https://github.com/paneldata/gip/raw/master/pdfs/W61.pdf,PDF Version of the questionnaire W61
question,gip,,,W61,Page 30,https://github.com/paneldata/gip/raw/master/pdfs/W61.pdf,PDF Version of the questionnaire W61
question,gip,,,W61,Page 31,https://github.com/paneldata/gip/raw/master/pdfs/W61.pdf,PDF Version of the questionnaire W61
question,gip,,,W61,Page 32,https://github.com/paneldata/gip/raw/master/pdfs/W61.pdf,PDF Version of the questionnaire W61
question,gip,,,W61,Page 33,https://github.com/paneldata/gip/raw/master/pdfs/W61.pdf,PDF Version of the questionnaire W61
question,gip,,,W61,Page 34,https://github.com/paneldata/gip/raw/master/pdfs/W61.pdf,PDF Version of the questionnaire W61
question,gip,,,W61,Page 35,https://github.com/paneldata/gip/raw/master/pdfs/W61.pdf,PDF Version of the questionnaire W61
question,gip,,,W61,Page 36,https://github.com/paneldata/gip/raw/master/pdfs/W61.pdf,PDF Version of the questionnaire W61
question,gip,,,W61,Page 37,https://github.com/paneldata/gip/raw/master/pdfs/W61.pdf,PDF Version of the questionnaire W61
question,gip,,,W61,Page 38 ,https://github.com/paneldata/gip/raw/master/pdfs/W61.pdf,PDF Version of the questionnaire W61
question,gip,,,W61,Page 39,https://github.com/paneldata/gip/raw/master/pdfs/W61.pdf,PDF Version of the questionnaire W61
question,gip,,,W61,Page 40 ,https://github.com/paneldata/gip/raw/master/pdfs/W61.pdf,PDF Version of the questionnaire W61
question,gip,,,W61,Page 41,https://github.com/paneldata/gip/raw/master/pdfs/W61.pdf,PDF Version of the questionnaire W61
question,gip,,,W61,Page 42,https://github.com/paneldata/gip/raw/master/pdfs/W61.pdf,PDF Version of the questionnaire W61
question,gip,,,W61,Page 43,https://github.com/paneldata/gip/raw/master/pdfs/W61.pdf,PDF Version of the questionnaire W61
question,gip,,,W61,Page 44,https://github.com/paneldata/gip/raw/master/pdfs/W61.pdf,PDF Version of the questionnaire W61
question,gip,,,W61,Page 45,https://github.com/paneldata/gip/raw/master/pdfs/W61.pdf,PDF Version of the questionnaire W61
question,gip,,,W61,Page 46,https://github.com/paneldata/gip/raw/master/pdfs/W61.pdf,PDF Version of the questionnaire W61
question,gip,,,W61,Page 47,https://github.com/paneldata/gip/raw/master/pdfs/W61.pdf,PDF Version of the questionnaire W61
question,gip,,,W61,Page 48,https://github.com/paneldata/gip/raw/master/pdfs/W61.pdf,PDF Version of the questionnaire W61
question,gip,,,W61,Page 49,https://github.com/paneldata/gip/raw/master/pdfs/W61.pdf,PDF Version of the questionnaire W61
question,gip,,,W61,Page 50,https://github.com/paneldata/gip/raw/master/pdfs/W61.pdf,PDF Version of the questionnaire W61
question,gip,,,W61,Page 51,https://github.com/paneldata/gip/raw/master/pdfs/W61.pdf,PDF Version of the questionnaire W61
question,gip,,,W61,Page 52,https://github.com/paneldata/gip/raw/master/pdfs/W61.pdf,PDF Version of the questionnaire W61
question,gip,,,W61,Page 53,https://github.com/paneldata/gip/raw/master/pdfs/W61.pdf,PDF Version of the questionnaire W61
question,gip,,,W61,Page 54,https://github.com/paneldata/gip/raw/master/pdfs/W61.pdf,PDF Version of the questionnaire W61
question,gip,,,W61,Page 55,https://github.com/paneldata/gip/raw/master/pdfs/W61.pdf,PDF Version of the questionnaire W61
question,gip,,,W61,Page 56,https://github.com/paneldata/gip/raw/master/pdfs/W61.pdf,PDF Version of the questionnaire W61
question,gip,,,W61,Page 57,https://github.com/paneldata/gip/raw/master/pdfs/W61.pdf,PDF Version of the questionnaire W61
question,gip,,,W61,Page 58,https://github.com/paneldata/gip/raw/master/pdfs/W61.pdf,PDF Version of the questionnaire W61
question,gip,,,W61,Page 59,https://github.com/paneldata/gip/raw/master/pdfs/W61.pdf,PDF Version of the questionnaire W61
question,gip,,,W61,Page 60,https://github.com/paneldata/gip/raw/master/pdfs/W61.pdf,PDF Version of the questionnaire W61
question,gip,,,W61,Page 61,https://github.com/paneldata/gip/raw/master/pdfs/W61.pdf,PDF Version of the questionnaire W61
question,gip,,,W61,Page 62,https://github.com/paneldata/gip/raw/master/pdfs/W61.pdf,PDF Version of the questionnaire W61
question,gip,,,W61,Page 63,https://github.com/paneldata/gip/raw/master/pdfs/W61.pdf,PDF Version of the questionnaire W61
question,gip,,,W61,Page 64,https://github.com/paneldata/gip/raw/master/pdfs/W61.pdf,PDF Version of the questionnaire W61
question,gip,,,W61,Page 65,https://github.com/paneldata/gip/raw/master/pdfs/W61.pdf,PDF Version of the questionnaire W61
question,gip,,,W61,Page 66,https://github.com/paneldata/gip/raw/master/pdfs/W61.pdf,PDF Version of the questionnaire W61
question,gip,,,W61,Page 67,https://github.com/paneldata/gip/raw/master/pdfs/W61.pdf,PDF Version of the questionnaire W61
question,gip,,,W61,Page 68,https://github.com/paneldata/gip/raw/master/pdfs/W61.pdf,PDF Version of the questionnaire W61
question,gip,,,W61,Page 69,https://github.com/paneldata/gip/raw/master/pdfs/W61.pdf,PDF Version of the questionnaire W61
question,gip,,,W61,Page 70,https://github.com/paneldata/gip/raw/master/pdfs/W61.pdf,PDF Version of the questionnaire W61
question,gip,,,W61,Page 71,https://github.com/paneldata/gip/raw/master/pdfs/W61.pdf,PDF Version of the questionnaire W61
question,gip,,,W61,Page 72,https://github.com/paneldata/gip/raw/master/pdfs/W61.pdf,PDF Version of the questionnaire W61
question,gip,,,W61,Page 73,https://github.com/paneldata/gip/raw/master/pdfs/W61.pdf,PDF Version of the questionnaire W61
question,gip,,,W61,Page 74,https://github.com/paneldata/gip/raw/master/pdfs/W61.pdf,PDF Version of the questionnaire W61
question,gip,,,W61,Page 75,https://github.com/paneldata/gip/raw/master/pdfs/W61.pdf,PDF Version of the questionnaire W61
question,gip,,,W61,Page 76,https://github.com/paneldata/gip/raw/master/pdfs/W61.pdf,PDF Version of the questionnaire W61
question,gip,,,W61,Page 77,https://github.com/paneldata/gip/raw/master/pdfs/W61.pdf,PDF Version of the questionnaire W61
question,gip,,,W61,Page 78,https://github.com/paneldata/gip/raw/master/pdfs/W61.pdf,PDF Version of the questionnaire W61
question,gip,,,W61,Page 79,https://github.com/paneldata/gip/raw/master/pdfs/W61.pdf,PDF Version of the questionnaire W61
question,gip,,,W61,Page 80,https://github.com/paneldata/gip/raw/master/pdfs/W61.pdf,PDF Version of the questionnaire W61
question,gip,,,W61,Page 81,https://github.com/paneldata/gip/raw/master/pdfs/W61.pdf,PDF Version of the questionnaire W61
question,gip,,,W61,Page 82,https://github.com/paneldata/gip/raw/master/pdfs/W61.pdf,PDF Version of the questionnaire W61
question,gip,,,W61,Page 83,https://github.com/paneldata/gip/raw/master/pdfs/W61.pdf,PDF Version of the questionnaire W61
question,gip,,,W61,Page 84,https://github.com/paneldata/gip/raw/master/pdfs/W61.pdf,PDF Version of the questionnaire W61
question,gip,,,W61,Page 85,https://github.com/paneldata/gip/raw/master/pdfs/W61.pdf,PDF Version of the questionnaire W61
question,gip,,,W61,Page 86,https://github.com/paneldata/gip/raw/master/pdfs/W61.pdf,PDF Version of the questionnaire W61
question,gip,,,W61,Page 87,https://github.com/paneldata/gip/raw/master/pdfs/W61.pdf,PDF Version of the questionnaire W61
question,gip,,,W61,Page 88,https://github.com/paneldata/gip/raw/master/pdfs/W61.pdf,PDF Version of the questionnaire W61
question,gip,,,W61,Page 89,https://github.com/paneldata/gip/raw/master/pdfs/W61.pdf,PDF Version of the questionnaire W61
question,gip,,,W61,Page 90,https://github.com/paneldata/gip/raw/master/pdfs/W61.pdf,PDF Version of the questionnaire W61
question,gip,,,W61,Page 91,https://github.com/paneldata/gip/raw/master/pdfs/W61.pdf,PDF Version of the questionnaire W61
question,gip,,,W61,Page 92,https://github.com/paneldata/gip/raw/master/pdfs/W61.pdf,PDF Version of the questionnaire W61
question,gip,,,W61,Page 93,https://github.com/paneldata/gip/raw/master/pdfs/W61.pdf,PDF Version of the questionnaire W61
question,gip,,,W61,Page 94,https://github.com/paneldata/gip/raw/master/pdfs/W61.pdf,PDF Version of the questionnaire W61
question,gip,,,W61,Page 95,https://github.com/paneldata/gip/raw/master/pdfs/W61.pdf,PDF Version of the questionnaire W61
question,gip,,,W61,Page 96,https://github.com/paneldata/gip/raw/master/pdfs/W61.pdf,PDF Version of the questionnaire W61
question,gip,,,W61,Page 97,https://github.com/paneldata/gip/raw/master/pdfs/W61.pdf,PDF Version of the questionnaire W61
question,gip,,,W61,Page 98,https://github.com/paneldata/gip/raw/master/pdfs/W61.pdf,PDF Version of the questionnaire W61
question,gip,,,W61,Page 99,https://github.com/paneldata/gip/raw/master/pdfs/W61.pdf,PDF Version of the questionnaire W61
question,gip,,,W61,Page 100 ,https://github.com/paneldata/gip/raw/master/pdfs/W61.pdf,PDF Version of the questionnaire W61
question,gip,,,W62,Page 1 Introduction,https://github.com/paneldata/gip/raw/master/pdfs/W62.pdf,PDF Version of the questionnaire W62
question,gip,,,W62,Page 2,https://github.com/paneldata/gip/raw/master/pdfs/W62.pdf,PDF Version of the questionnaire W62
question,gip,,,W62,Page 3,https://github.com/paneldata/gip/raw/master/pdfs/W62.pdf,PDF Version of the questionnaire W62
question,gip,,,W62,Page 4,https://github.com/paneldata/gip/raw/master/pdfs/W62.pdf,PDF Version of the questionnaire W62
question,gip,,,W62,Page 5,https://github.com/paneldata/gip/raw/master/pdfs/W62.pdf,PDF Version of the questionnaire W62
question,gip,,,W62,Page 6,https://github.com/paneldata/gip/raw/master/pdfs/W62.pdf,PDF Version of the questionnaire W62
question,gip,,,W62,Page 7,https://github.com/paneldata/gip/raw/master/pdfs/W62.pdf,PDF Version of the questionnaire W62
question,gip,,,W62,Page 8,https://github.com/paneldata/gip/raw/master/pdfs/W62.pdf,PDF Version of the questionnaire W62
question,gip,,,W62,Page 9,https://github.com/paneldata/gip/raw/master/pdfs/W62.pdf,PDF Version of the questionnaire W62
question,gip,,,W62,Page 10,https://github.com/paneldata/gip/raw/master/pdfs/W62.pdf,PDF Version of the questionnaire W62
question,gip,,,W62,Page 11,https://github.com/paneldata/gip/raw/master/pdfs/W62.pdf,PDF Version of the questionnaire W62
question,gip,,,W62,Page 12,https://github.com/paneldata/gip/raw/master/pdfs/W62.pdf,PDF Version of the questionnaire W62
question,gip,,,W62,Page 13,https://github.com/paneldata/gip/raw/master/pdfs/W62.pdf,PDF Version of the questionnaire W62
question,gip,,,W62,Page 14,https://github.com/paneldata/gip/raw/master/pdfs/W62.pdf,PDF Version of the questionnaire W62
question,gip,,,W62,Page 15,https://github.com/paneldata/gip/raw/master/pdfs/W62.pdf,PDF Version of the questionnaire W62
question,gip,,,W62,Page 16,https://github.com/paneldata/gip/raw/master/pdfs/W62.pdf,PDF Version of the questionnaire W62
question,gip,,,W62,Page 17,https://github.com/paneldata/gip/raw/master/pdfs/W62.pdf,PDF Version of the questionnaire W62
question,gip,,,W62,Page 18,https://github.com/paneldata/gip/raw/master/pdfs/W62.pdf,PDF Version of the questionnaire W62
question,gip,,,W62,Page 19,https://github.com/paneldata/gip/raw/master/pdfs/W62.pdf,PDF Version of the questionnaire W62
question,gip,,,W62,Page 20 ,https://github.com/paneldata/gip/raw/master/pdfs/W62.pdf,PDF Version of the questionnaire W62
question,gip,,,W62,Page 21,https://github.com/paneldata/gip/raw/master/pdfs/W62.pdf,PDF Version of the questionnaire W62
question,gip,,,W62,Page 22,https://github.com/paneldata/gip/raw/master/pdfs/W62.pdf,PDF Version of the questionnaire W62
question,gip,,,W62,Page 23,https://github.com/paneldata/gip/raw/master/pdfs/W62.pdf,PDF Version of the questionnaire W62
question,gip,,,W62,Page 24,https://github.com/paneldata/gip/raw/master/pdfs/W62.pdf,PDF Version of the questionnaire W62
question,gip,,,W62,Page 25 ,https://github.com/paneldata/gip/raw/master/pdfs/W62.pdf,PDF Version of the questionnaire W62
question,gip,,,W62,Page 26,https://github.com/paneldata/gip/raw/master/pdfs/W62.pdf,PDF Version of the questionnaire W62
question,gip,,,W62,Page 27,https://github.com/paneldata/gip/raw/master/pdfs/W62.pdf,PDF Version of the questionnaire W62
question,gip,,,W62,Page 28,https://github.com/paneldata/gip/raw/master/pdfs/W62.pdf,PDF Version of the questionnaire W62
question,gip,,,W62,Page 29,https://github.com/paneldata/gip/raw/master/pdfs/W62.pdf,PDF Version of the questionnaire W62
question,gip,,,W62,Page 30 ,https://github.com/paneldata/gip/raw/master/pdfs/W62.pdf,PDF Version of the questionnaire W62
question,gip,,,W62,Page 31,https://github.com/paneldata/gip/raw/master/pdfs/W62.pdf,PDF Version of the questionnaire W62
question,gip,,,W62,Page 32,https://github.com/paneldata/gip/raw/master/pdfs/W62.pdf,PDF Version of the questionnaire W62
question,gip,,,W62,Page 33,https://github.com/paneldata/gip/raw/master/pdfs/W62.pdf,PDF Version of the questionnaire W62
question,gip,,,W62,Page 34,https://github.com/paneldata/gip/raw/master/pdfs/W62.pdf,PDF Version of the questionnaire W62
question,gip,,,W62,Page 35,https://github.com/paneldata/gip/raw/master/pdfs/W62.pdf,PDF Version of the questionnaire W62
question,gip,,,W62,Page 36,https://github.com/paneldata/gip/raw/master/pdfs/W62.pdf,PDF Version of the questionnaire W62
question,gip,,,W62,Page 37,https://github.com/paneldata/gip/raw/master/pdfs/W62.pdf,PDF Version of the questionnaire W62
question,gip,,,W62,Page 38,https://github.com/paneldata/gip/raw/master/pdfs/W62.pdf,PDF Version of the questionnaire W62
question,gip,,,W62,Page 39,https://github.com/paneldata/gip/raw/master/pdfs/W62.pdf,PDF Version of the questionnaire W62
question,gip,,,W62,Page 40,https://github.com/paneldata/gip/raw/master/pdfs/W62.pdf,PDF Version of the questionnaire W62
question,gip,,,W62,Page 41,https://github.com/paneldata/gip/raw/master/pdfs/W62.pdf,PDF Version of the questionnaire W62
question,gip,,,W62,Page 42,https://github.com/paneldata/gip/raw/master/pdfs/W62.pdf,PDF Version of the questionnaire W62
question,gip,,,W62,Page 43,https://github.com/paneldata/gip/raw/master/pdfs/W62.pdf,PDF Version of the questionnaire W62
question,gip,,,W62,Page 44,https://github.com/paneldata/gip/raw/master/pdfs/W62.pdf,PDF Version of the questionnaire W62
question,gip,,,W62,Page 45,https://github.com/paneldata/gip/raw/master/pdfs/W62.pdf,PDF Version of the questionnaire W62
question,gip,,,W62,Page 46,https://github.com/paneldata/gip/raw/master/pdfs/W62.pdf,PDF Version of the questionnaire W62
question,gip,,,W62,Page 47,https://github.com/paneldata/gip/raw/master/pdfs/W62.pdf,PDF Version of the questionnaire W62
question,gip,,,W62,Page 48,https://github.com/paneldata/gip/raw/master/pdfs/W62.pdf,PDF Version of the questionnaire W62
question,gip,,,W62,Page 49,https://github.com/paneldata/gip/raw/master/pdfs/W62.pdf,PDF Version of the questionnaire W62
question,gip,,,W62,Page 50,https://github.com/paneldata/gip/raw/master/pdfs/W62.pdf,PDF Version of the questionnaire W62
question,gip,,,W62,Page 51,https://github.com/paneldata/gip/raw/master/pdfs/W62.pdf,PDF Version of the questionnaire W62
question,gip,,,W62,Page 52,https://github.com/paneldata/gip/raw/master/pdfs/W62.pdf,PDF Version of the questionnaire W62
question,gip,,,W62,Page 53,https://github.com/paneldata/gip/raw/master/pdfs/W62.pdf,PDF Version of the questionnaire W62
question,gip,,,W62,Page 54,https://github.com/paneldata/gip/raw/master/pdfs/W62.pdf,PDF Version of the questionnaire W62
question,gip,,,W62,Page 55,https://github.com/paneldata/gip/raw/master/pdfs/W62.pdf,PDF Version of the questionnaire W62
question,gip,,,W62,Page 56,https://github.com/paneldata/gip/raw/master/pdfs/W62.pdf,PDF Version of the questionnaire W62
question,gip,,,W62,Page 57 Outro,https://github.com/paneldata/gip/raw/master/pdfs/W62.pdf,PDF Version of the questionnaire W62
question,gip,,,W63,Page 1 Introduction,https://github.com/paneldata/gip/raw/master/pdfs/W63.pdf,PDF Version of the questionnaire W63
question,gip,,,W63,Page 2,https://github.com/paneldata/gip/raw/master/pdfs/W63.pdf,PDF Version of the questionnaire W63
question,gip,,,W63,Page 3,https://github.com/paneldata/gip/raw/master/pdfs/W63.pdf,PDF Version of the questionnaire W63
question,gip,,,W63,Page 4,https://github.com/paneldata/gip/raw/master/pdfs/W63.pdf,PDF Version of the questionnaire W63
question,gip,,,W63,Page 5,https://github.com/paneldata/gip/raw/master/pdfs/W63.pdf,PDF Version of the questionnaire W63
question,gip,,,W63,Page 6,https://github.com/paneldata/gip/raw/master/pdfs/W63.pdf,PDF Version of the questionnaire W63
question,gip,,,W63,Page 7,https://github.com/paneldata/gip/raw/master/pdfs/W63.pdf,PDF Version of the questionnaire W63
question,gip,,,W63,Page 8,https://github.com/paneldata/gip/raw/master/pdfs/W63.pdf,PDF Version of the questionnaire W63
question,gip,,,W63,Page 9,https://github.com/paneldata/gip/raw/master/pdfs/W63.pdf,PDF Version of the questionnaire W63
question,gip,,,W63,Page 10,https://github.com/paneldata/gip/raw/master/pdfs/W63.pdf,PDF Version of the questionnaire W63
question,gip,,,W63,Page 11,https://github.com/paneldata/gip/raw/master/pdfs/W63.pdf,PDF Version of the questionnaire W63
question,gip,,,W63,Page 12,https://github.com/paneldata/gip/raw/master/pdfs/W63.pdf,PDF Version of the questionnaire W63
question,gip,,,W63,Page 13,https://github.com/paneldata/gip/raw/master/pdfs/W63.pdf,PDF Version of the questionnaire W63
question,gip,,,W63,Page 14,https://github.com/paneldata/gip/raw/master/pdfs/W63.pdf,PDF Version of the questionnaire W63
question,gip,,,W63,Page 15,https://github.com/paneldata/gip/raw/master/pdfs/W63.pdf,PDF Version of the questionnaire W63
question,gip,,,W63,Page 16,https://github.com/paneldata/gip/raw/master/pdfs/W63.pdf,PDF Version of the questionnaire W63
question,gip,,,W63,Page 17,https://github.com/paneldata/gip/raw/master/pdfs/W63.pdf,PDF Version of the questionnaire W63
question,gip,,,W63,Page 18,https://github.com/paneldata/gip/raw/master/pdfs/W63.pdf,PDF Version of the questionnaire W63
question,gip,,,W63,Page 19,https://github.com/paneldata/gip/raw/master/pdfs/W63.pdf,PDF Version of the questionnaire W63
question,gip,,,W63,Page 20,https://github.com/paneldata/gip/raw/master/pdfs/W63.pdf,PDF Version of the questionnaire W63
question,gip,,,W63,Page 21,https://github.com/paneldata/gip/raw/master/pdfs/W63.pdf,PDF Version of the questionnaire W63
question,gip,,,W63,Page 22,https://github.com/paneldata/gip/raw/master/pdfs/W63.pdf,PDF Version of the questionnaire W63
question,gip,,,W63,Page 23,https://github.com/paneldata/gip/raw/master/pdfs/W63.pdf,PDF Version of the questionnaire W63
question,gip,,,W63,Page 24,https://github.com/paneldata/gip/raw/master/pdfs/W63.pdf,PDF Version of the questionnaire W63
question,gip,,,W63,Page 25,https://github.com/paneldata/gip/raw/master/pdfs/W63.pdf,PDF Version of the questionnaire W63
question,gip,,,W63,Page 26,https://github.com/paneldata/gip/raw/master/pdfs/W63.pdf,PDF Version of the questionnaire W63
question,gip,,,W63,Page 27 ,https://github.com/paneldata/gip/raw/master/pdfs/W63.pdf,PDF Version of the questionnaire W63
question,gip,,,W63,Page 28,https://github.com/paneldata/gip/raw/master/pdfs/W63.pdf,PDF Version of the questionnaire W63
question,gip,,,W63,Page 29,https://github.com/paneldata/gip/raw/master/pdfs/W63.pdf,PDF Version of the questionnaire W63
question,gip,,,W63,Page 30 ,https://github.com/paneldata/gip/raw/master/pdfs/W63.pdf,PDF Version of the questionnaire W63
question,gip,,,W63,Page 31,https://github.com/paneldata/gip/raw/master/pdfs/W63.pdf,PDF Version of the questionnaire W63
question,gip,,,W63,Page 32,https://github.com/paneldata/gip/raw/master/pdfs/W63.pdf,PDF Version of the questionnaire W63
question,gip,,,W63,Page 33 Outro,https://github.com/paneldata/gip/raw/master/pdfs/W63.pdf,PDF Version of the questionnaire W63
question,gip,,,W64,Page 1 Introduction,https://github.com/paneldata/gip/raw/master/pdfs/W64.pdf,PDF Version of the questionnaire W64
question,gip,,,W64,Page 2,https://github.com/paneldata/gip/raw/master/pdfs/W64.pdf,PDF Version of the questionnaire W64
question,gip,,,W64,Page 3,https://github.com/paneldata/gip/raw/master/pdfs/W64.pdf,PDF Version of the questionnaire W64
question,gip,,,W64,Page 4,https://github.com/paneldata/gip/raw/master/pdfs/W64.pdf,PDF Version of the questionnaire W64
question,gip,,,W64,Page 5,https://github.com/paneldata/gip/raw/master/pdfs/W64.pdf,PDF Version of the questionnaire W64
question,gip,,,W64,Page 6,https://github.com/paneldata/gip/raw/master/pdfs/W64.pdf,PDF Version of the questionnaire W64
question,gip,,,W64,Page 7,https://github.com/paneldata/gip/raw/master/pdfs/W64.pdf,PDF Version of the questionnaire W64
question,gip,,,W64,Page 8 ,https://github.com/paneldata/gip/raw/master/pdfs/W64.pdf,PDF Version of the questionnaire W64
question,gip,,,W64,Page 9,https://github.com/paneldata/gip/raw/master/pdfs/W64.pdf,PDF Version of the questionnaire W64
question,gip,,,W64,Page 10,https://github.com/paneldata/gip/raw/master/pdfs/W64.pdf,PDF Version of the questionnaire W64
question,gip,,,W64,Page 11,https://github.com/paneldata/gip/raw/master/pdfs/W64.pdf,PDF Version of the questionnaire W64
question,gip,,,W64,Page 12,https://github.com/paneldata/gip/raw/master/pdfs/W64.pdf,PDF Version of the questionnaire W64
question,gip,,,W64,Page 13,https://github.com/paneldata/gip/raw/master/pdfs/W64.pdf,PDF Version of the questionnaire W64
question,gip,,,W64,Page 14,https://github.com/paneldata/gip/raw/master/pdfs/W64.pdf,PDF Version of the questionnaire W64
question,gip,,,W64,Page 15,https://github.com/paneldata/gip/raw/master/pdfs/W64.pdf,PDF Version of the questionnaire W64
question,gip,,,W64,Page 16,https://github.com/paneldata/gip/raw/master/pdfs/W64.pdf,PDF Version of the questionnaire W64
question,gip,,,W64,Page 17,https://github.com/paneldata/gip/raw/master/pdfs/W64.pdf,PDF Version of the questionnaire W64
question,gip,,,W64,Page 18,https://github.com/paneldata/gip/raw/master/pdfs/W64.pdf,PDF Version of the questionnaire W64
question,gip,,,W64,Page 19,https://github.com/paneldata/gip/raw/master/pdfs/W64.pdf,PDF Version of the questionnaire W64
question,gip,,,W64,Page 20,https://github.com/paneldata/gip/raw/master/pdfs/W64.pdf,PDF Version of the questionnaire W64
question,gip,,,W64,Page 21,https://github.com/paneldata/gip/raw/master/pdfs/W64.pdf,PDF Version of the questionnaire W64
question,gip,,,W64,Page 22,https://github.com/paneldata/gip/raw/master/pdfs/W64.pdf,PDF Version of the questionnaire W64
question,gip,,,W64,Page 23,https://github.com/paneldata/gip/raw/master/pdfs/W64.pdf,PDF Version of the questionnaire W64
question,gip,,,W64,Page 24,https://github.com/paneldata/gip/raw/master/pdfs/W64.pdf,PDF Version of the questionnaire W64
question,gip,,,W64,Page 25,https://github.com/paneldata/gip/raw/master/pdfs/W64.pdf,PDF Version of the questionnaire W64
question,gip,,,W64,Page 26,https://github.com/paneldata/gip/raw/master/pdfs/W64.pdf,PDF Version of the questionnaire W64
question,gip,,,W64,Page 27,https://github.com/paneldata/gip/raw/master/pdfs/W64.pdf,PDF Version of the questionnaire W64
question,gip,,,W64,Page 28,https://github.com/paneldata/gip/raw/master/pdfs/W64.pdf,PDF Version of the questionnaire W64
question,gip,,,W64,Page 29,https://github.com/paneldata/gip/raw/master/pdfs/W64.pdf,PDF Version of the questionnaire W64
question,gip,,,W64,Page 30,https://github.com/paneldata/gip/raw/master/pdfs/W64.pdf,PDF Version of the questionnaire W64
question,gip,,,W64,Page 31,https://github.com/paneldata/gip/raw/master/pdfs/W64.pdf,PDF Version of the questionnaire W64
question,gip,,,W64,Page 32,https://github.com/paneldata/gip/raw/master/pdfs/W64.pdf,PDF Version of the questionnaire W64
question,gip,,,W64,Page 33,https://github.com/paneldata/gip/raw/master/pdfs/W64.pdf,PDF Version of the questionnaire W64
question,gip,,,W64,Page 34,https://github.com/paneldata/gip/raw/master/pdfs/W64.pdf,PDF Version of the questionnaire W64
question,gip,,,W64,Page 35,https://github.com/paneldata/gip/raw/master/pdfs/W64.pdf,PDF Version of the questionnaire W64
question,gip,,,W64,Page 36,https://github.com/paneldata/gip/raw/master/pdfs/W64.pdf,PDF Version of the questionnaire W64
question,gip,,,W64,Page 37,https://github.com/paneldata/gip/raw/master/pdfs/W64.pdf,PDF Version of the questionnaire W64
question,gip,,,W64,Page 38,https://github.com/paneldata/gip/raw/master/pdfs/W64.pdf,PDF Version of the questionnaire W64
question,gip,,,W64,Page 39,https://github.com/paneldata/gip/raw/master/pdfs/W64.pdf,PDF Version of the questionnaire W64
question,gip,,,W64,Page 40,https://github.com/paneldata/gip/raw/master/pdfs/W64.pdf,PDF Version of the questionnaire W64
question,gip,,,W64,Page 41,https://github.com/paneldata/gip/raw/master/pdfs/W64.pdf,PDF Version of the questionnaire W64
question,gip,,,W64,Page 42,https://github.com/paneldata/gip/raw/master/pdfs/W64.pdf,PDF Version of the questionnaire W64
question,gip,,,W64,Page 43,https://github.com/paneldata/gip/raw/master/pdfs/W64.pdf,PDF Version of the questionnaire W64
question,gip,,,W64,Page 44,https://github.com/paneldata/gip/raw/master/pdfs/W64.pdf,PDF Version of the questionnaire W64
question,gip,,,W64,Page 45,https://github.com/paneldata/gip/raw/master/pdfs/W64.pdf,PDF Version of the questionnaire W64
question,gip,,,W64,Page 46,https://github.com/paneldata/gip/raw/master/pdfs/W64.pdf,PDF Version of the questionnaire W64
question,gip,,,W64,Page 47,https://github.com/paneldata/gip/raw/master/pdfs/W64.pdf,PDF Version of the questionnaire W64
question,gip,,,W64,Page 48,https://github.com/paneldata/gip/raw/master/pdfs/W64.pdf,PDF Version of the questionnaire W64
question,gip,,,W64,Page 49,https://github.com/paneldata/gip/raw/master/pdfs/W64.pdf,PDF Version of the questionnaire W64
question,gip,,,W64,Page 50,https://github.com/paneldata/gip/raw/master/pdfs/W64.pdf,PDF Version of the questionnaire W64
question,gip,,,W64,Page 51,https://github.com/paneldata/gip/raw/master/pdfs/W64.pdf,PDF Version of the questionnaire W64
question,gip,,,W64,Page 52,https://github.com/paneldata/gip/raw/master/pdfs/W64.pdf,PDF Version of the questionnaire W64
question,gip,,,W64,Page 53 Outro ,https://github.com/paneldata/gip/raw/master/pdfs/W64.pdf,PDF Version of the questionnaire W64
question,gip,,,W65,Page 1 Introduction,https://github.com/paneldata/gip/raw/master/pdfs/W65.pdf,PDF Version of the questionnaire W65
question,gip,,,W65,Page 2,https://github.com/paneldata/gip/raw/master/pdfs/W65.pdf,PDF Version of the questionnaire W65
question,gip,,,W65,Page 3,https://github.com/paneldata/gip/raw/master/pdfs/W65.pdf,PDF Version of the questionnaire W65
question,gip,,,W65,Page 4,https://github.com/paneldata/gip/raw/master/pdfs/W65.pdf,PDF Version of the questionnaire W65
question,gip,,,W65,Page 5,https://github.com/paneldata/gip/raw/master/pdfs/W65.pdf,PDF Version of the questionnaire W65
question,gip,,,W65,Page 6,https://github.com/paneldata/gip/raw/master/pdfs/W65.pdf,PDF Version of the questionnaire W65
question,gip,,,W65,Page 7,https://github.com/paneldata/gip/raw/master/pdfs/W65.pdf,PDF Version of the questionnaire W65
question,gip,,,W65,Page 8,https://github.com/paneldata/gip/raw/master/pdfs/W65.pdf,PDF Version of the questionnaire W65
question,gip,,,W65,Page 9,https://github.com/paneldata/gip/raw/master/pdfs/W65.pdf,PDF Version of the questionnaire W65
question,gip,,,W65,Page 10,https://github.com/paneldata/gip/raw/master/pdfs/W65.pdf,PDF Version of the questionnaire W65
question,gip,,,W65,Page 11,https://github.com/paneldata/gip/raw/master/pdfs/W65.pdf,PDF Version of the questionnaire W65
question,gip,,,W65,Page 12,https://github.com/paneldata/gip/raw/master/pdfs/W65.pdf,PDF Version of the questionnaire W65
question,gip,,,W65,Page 13,https://github.com/paneldata/gip/raw/master/pdfs/W65.pdf,PDF Version of the questionnaire W65
question,gip,,,W65,Page 14,https://github.com/paneldata/gip/raw/master/pdfs/W65.pdf,PDF Version of the questionnaire W65
question,gip,,,W65,Page 15,https://github.com/paneldata/gip/raw/master/pdfs/W65.pdf,PDF Version of the questionnaire W65
question,gip,,,W65,Page 16,https://github.com/paneldata/gip/raw/master/pdfs/W65.pdf,PDF Version of the questionnaire W65
question,gip,,,W65,Page 17,https://github.com/paneldata/gip/raw/master/pdfs/W65.pdf,PDF Version of the questionnaire W65
question,gip,,,W65,Page 18,https://github.com/paneldata/gip/raw/master/pdfs/W65.pdf,PDF Version of the questionnaire W65
question,gip,,,W65,Page 19,https://github.com/paneldata/gip/raw/master/pdfs/W65.pdf,PDF Version of the questionnaire W65
question,gip,,,W65,Page 20,https://github.com/paneldata/gip/raw/master/pdfs/W65.pdf,PDF Version of the questionnaire W65
question,gip,,,W65,Page 21,https://github.com/paneldata/gip/raw/master/pdfs/W65.pdf,PDF Version of the questionnaire W65
question,gip,,,W65,Page 22,https://github.com/paneldata/gip/raw/master/pdfs/W65.pdf,PDF Version of the questionnaire W65
question,gip,,,W65,Page 23,https://github.com/paneldata/gip/raw/master/pdfs/W65.pdf,PDF Version of the questionnaire W65
question,gip,,,W65,Page 24,https://github.com/paneldata/gip/raw/master/pdfs/W65.pdf,PDF Version of the questionnaire W65
question,gip,,,W65,Page 25,https://github.com/paneldata/gip/raw/master/pdfs/W65.pdf,PDF Version of the questionnaire W65
question,gip,,,W65,Page 26,https://github.com/paneldata/gip/raw/master/pdfs/W65.pdf,PDF Version of the questionnaire W65
question,gip,,,W65,Page 27,https://github.com/paneldata/gip/raw/master/pdfs/W65.pdf,PDF Version of the questionnaire W65
question,gip,,,W65,Page 28,https://github.com/paneldata/gip/raw/master/pdfs/W65.pdf,PDF Version of the questionnaire W65
question,gip,,,W65,Page 29,https://github.com/paneldata/gip/raw/master/pdfs/W65.pdf,PDF Version of the questionnaire W65
question,gip,,,W65,Page 30,https://github.com/paneldata/gip/raw/master/pdfs/W65.pdf,PDF Version of the questionnaire W65
question,gip,,,W65,Page 31,https://github.com/paneldata/gip/raw/master/pdfs/W65.pdf,PDF Version of the questionnaire W65
question,gip,,,W65,Page 32,https://github.com/paneldata/gip/raw/master/pdfs/W65.pdf,PDF Version of the questionnaire W65
question,gip,,,W65,Page 33,https://github.com/paneldata/gip/raw/master/pdfs/W65.pdf,PDF Version of the questionnaire W65
question,gip,,,W65,Page 34,https://github.com/paneldata/gip/raw/master/pdfs/W65.pdf,PDF Version of the questionnaire W65
question,gip,,,W65,Page 35,https://github.com/paneldata/gip/raw/master/pdfs/W65.pdf,PDF Version of the questionnaire W65
question,gip,,,W65,Page 36,https://github.com/paneldata/gip/raw/master/pdfs/W65.pdf,PDF Version of the questionnaire W65
question,gip,,,W65,Page 37,https://github.com/paneldata/gip/raw/master/pdfs/W65.pdf,PDF Version of the questionnaire W65
question,gip,,,W65,Page 38,https://github.com/paneldata/gip/raw/master/pdfs/W65.pdf,PDF Version of the questionnaire W65
question,gip,,,W65,Page 39,https://github.com/paneldata/gip/raw/master/pdfs/W65.pdf,PDF Version of the questionnaire W65
question,gip,,,W65,Page 40,https://github.com/paneldata/gip/raw/master/pdfs/W65.pdf,PDF Version of the questionnaire W65
question,gip,,,W65,Page 41,https://github.com/paneldata/gip/raw/master/pdfs/W65.pdf,PDF Version of the questionnaire W65
question,gip,,,W65,Page 42,https://github.com/paneldata/gip/raw/master/pdfs/W65.pdf,PDF Version of the questionnaire W65
question,gip,,,W65,Page 43,https://github.com/paneldata/gip/raw/master/pdfs/W65.pdf,PDF Version of the questionnaire W65
question,gip,,,W65,Page 44,https://github.com/paneldata/gip/raw/master/pdfs/W65.pdf,PDF Version of the questionnaire W65
question,gip,,,W65,Page 45,https://github.com/paneldata/gip/raw/master/pdfs/W65.pdf,PDF Version of the questionnaire W65
question,gip,,,W65,Page 46,https://github.com/paneldata/gip/raw/master/pdfs/W65.pdf,PDF Version of the questionnaire W65
question,gip,,,W65,Page 47,https://github.com/paneldata/gip/raw/master/pdfs/W65.pdf,PDF Version of the questionnaire W65
question,gip,,,W65,Page 48,https://github.com/paneldata/gip/raw/master/pdfs/W65.pdf,PDF Version of the questionnaire W65
question,gip,,,W65,Page 49,https://github.com/paneldata/gip/raw/master/pdfs/W65.pdf,PDF Version of the questionnaire W65
question,gip,,,W65,Page 50,https://github.com/paneldata/gip/raw/master/pdfs/W65.pdf,PDF Version of the questionnaire W65
question,gip,,,W65,Page 51,https://github.com/paneldata/gip/raw/master/pdfs/W65.pdf,PDF Version of the questionnaire W65
question,gip,,,W65,Page 52,https://github.com/paneldata/gip/raw/master/pdfs/W65.pdf,PDF Version of the questionnaire W65
question,gip,,,W65,Page 53,https://github.com/paneldata/gip/raw/master/pdfs/W65.pdf,PDF Version of the questionnaire W65
question,gip,,,W65,Page 54 Outro,https://github.com/paneldata/gip/raw/master/pdfs/W65.pdf,PDF Version of the questionnaire W65
question,gip,,,W66,Page 1 Introduction,https://github.com/paneldata/gip/raw/master/pdfs/W66.pdf,PDF Version of the questionnaire W66
question,gip,,,W66,Page 2,https://github.com/paneldata/gip/raw/master/pdfs/W66.pdf,PDF Version of the questionnaire W66
question,gip,,,W66,Page 3,https://github.com/paneldata/gip/raw/master/pdfs/W66.pdf,PDF Version of the questionnaire W66
question,gip,,,W66,Page 4,https://github.com/paneldata/gip/raw/master/pdfs/W66.pdf,PDF Version of the questionnaire W66
question,gip,,,W66,Page 5,https://github.com/paneldata/gip/raw/master/pdfs/W66.pdf,PDF Version of the questionnaire W66
question,gip,,,W66,Page 6,https://github.com/paneldata/gip/raw/master/pdfs/W66.pdf,PDF Version of the questionnaire W66
question,gip,,,W66,Page 7,https://github.com/paneldata/gip/raw/master/pdfs/W66.pdf,PDF Version of the questionnaire W66
question,gip,,,W66,Page 7 ,https://github.com/paneldata/gip/raw/master/pdfs/W66.pdf,PDF Version of the questionnaire W66
question,gip,,,W66,Page 8,https://github.com/paneldata/gip/raw/master/pdfs/W66.pdf,PDF Version of the questionnaire W66
question,gip,,,W66,Page 9,https://github.com/paneldata/gip/raw/master/pdfs/W66.pdf,PDF Version of the questionnaire W66
question,gip,,,W66,Page 10,https://github.com/paneldata/gip/raw/master/pdfs/W66.pdf,PDF Version of the questionnaire W66
question,gip,,,W66,Page 11,https://github.com/paneldata/gip/raw/master/pdfs/W66.pdf,PDF Version of the questionnaire W66
question,gip,,,W66,Page 12,https://github.com/paneldata/gip/raw/master/pdfs/W66.pdf,PDF Version of the questionnaire W66
question,gip,,,W66,Page 13,https://github.com/paneldata/gip/raw/master/pdfs/W66.pdf,PDF Version of the questionnaire W66
question,gip,,,W66,Page 14,https://github.com/paneldata/gip/raw/master/pdfs/W66.pdf,PDF Version of the questionnaire W66
question,gip,,,W66,Page 15,https://github.com/paneldata/gip/raw/master/pdfs/W66.pdf,PDF Version of the questionnaire W66
question,gip,,,W66,Page 16,https://github.com/paneldata/gip/raw/master/pdfs/W66.pdf,PDF Version of the questionnaire W66
question,gip,,,W66,Page 17,https://github.com/paneldata/gip/raw/master/pdfs/W66.pdf,PDF Version of the questionnaire W66
question,gip,,,W66,Page 18,https://github.com/paneldata/gip/raw/master/pdfs/W66.pdf,PDF Version of the questionnaire W66
question,gip,,,W66,Page 19,https://github.com/paneldata/gip/raw/master/pdfs/W66.pdf,PDF Version of the questionnaire W66
question,gip,,,W66,Page 20,https://github.com/paneldata/gip/raw/master/pdfs/W66.pdf,PDF Version of the questionnaire W66
question,gip,,,W66,Page 21,https://github.com/paneldata/gip/raw/master/pdfs/W66.pdf,PDF Version of the questionnaire W66
question,gip,,,W66,Page 22,https://github.com/paneldata/gip/raw/master/pdfs/W66.pdf,PDF Version of the questionnaire W66
question,gip,,,W66,Page 23,https://github.com/paneldata/gip/raw/master/pdfs/W66.pdf,PDF Version of the questionnaire W66
question,gip,,,W66,Page 24,https://github.com/paneldata/gip/raw/master/pdfs/W66.pdf,PDF Version of the questionnaire W66
question,gip,,,W66,Page 25,https://github.com/paneldata/gip/raw/master/pdfs/W66.pdf,PDF Version of the questionnaire W66
question,gip,,,W66,Page 26,https://github.com/paneldata/gip/raw/master/pdfs/W66.pdf,PDF Version of the questionnaire W66
question,gip,,,W66,Page 27,https://github.com/paneldata/gip/raw/master/pdfs/W66.pdf,PDF Version of the questionnaire W66
question,gip,,,W66,Page 28,https://github.com/paneldata/gip/raw/master/pdfs/W66.pdf,PDF Version of the questionnaire W66
question,gip,,,W66,Page 29,https://github.com/paneldata/gip/raw/master/pdfs/W66.pdf,PDF Version of the questionnaire W66
question,gip,,,W66,Page 30,https://github.com/paneldata/gip/raw/master/pdfs/W66.pdf,PDF Version of the questionnaire W66
question,gip,,,W66,Page 31,https://github.com/paneldata/gip/raw/master/pdfs/W66.pdf,PDF Version of the questionnaire W66
question,gip,,,W66,Page 32,https://github.com/paneldata/gip/raw/master/pdfs/W66.pdf,PDF Version of the questionnaire W66
question,gip,,,W66,Page 33,https://github.com/paneldata/gip/raw/master/pdfs/W66.pdf,PDF Version of the questionnaire W66
question,gip,,,W66,Page 34,https://github.com/paneldata/gip/raw/master/pdfs/W66.pdf,PDF Version of the questionnaire W66
question,gip,,,W66,Page 35,https://github.com/paneldata/gip/raw/master/pdfs/W66.pdf,PDF Version of the questionnaire W66
question,gip,,,W66,Page 36,https://github.com/paneldata/gip/raw/master/pdfs/W66.pdf,PDF Version of the questionnaire W66
question,gip,,,W66,Page 37,https://github.com/paneldata/gip/raw/master/pdfs/W66.pdf,PDF Version of the questionnaire W66
question,gip,,,W66,Page 38,https://github.com/paneldata/gip/raw/master/pdfs/W66.pdf,PDF Version of the questionnaire W66
question,gip,,,W66,Page 39,https://github.com/paneldata/gip/raw/master/pdfs/W66.pdf,PDF Version of the questionnaire W66
question,gip,,,W66,Page 40,https://github.com/paneldata/gip/raw/master/pdfs/W66.pdf,PDF Version of the questionnaire W66
question,gip,,,W66,Page 41,https://github.com/paneldata/gip/raw/master/pdfs/W66.pdf,PDF Version of the questionnaire W66
question,gip,,,W66,Page 42,https://github.com/paneldata/gip/raw/master/pdfs/W66.pdf,PDF Version of the questionnaire W66
question,gip,,,W66,Page 43,https://github.com/paneldata/gip/raw/master/pdfs/W66.pdf,PDF Version of the questionnaire W66
question,gip,,,W66,Page 44,https://github.com/paneldata/gip/raw/master/pdfs/W66.pdf,PDF Version of the questionnaire W66
question,gip,,,W66,Page 45,https://github.com/paneldata/gip/raw/master/pdfs/W66.pdf,PDF Version of the questionnaire W66
question,gip,,,W66,Page 46,https://github.com/paneldata/gip/raw/master/pdfs/W66.pdf,PDF Version of the questionnaire W66
question,gip,,,W66,Page 47,https://github.com/paneldata/gip/raw/master/pdfs/W66.pdf,PDF Version of the questionnaire W66
question,gip,,,W66,Page 48,https://github.com/paneldata/gip/raw/master/pdfs/W66.pdf,PDF Version of the questionnaire W66
question,gip,,,W66,Page 49,https://github.com/paneldata/gip/raw/master/pdfs/W66.pdf,PDF Version of the questionnaire W66
question,gip,,,W66,Page 50,https://github.com/paneldata/gip/raw/master/pdfs/W66.pdf,PDF Version of the questionnaire W66
question,gip,,,W66,Page 51,https://github.com/paneldata/gip/raw/master/pdfs/W66.pdf,PDF Version of the questionnaire W66
question,gip,,,W66,Page 52,https://github.com/paneldata/gip/raw/master/pdfs/W66.pdf,PDF Version of the questionnaire W66
question,gip,,,W66,Page 53,https://github.com/paneldata/gip/raw/master/pdfs/W66.pdf,PDF Version of the questionnaire W66
question,gip,,,W66,Page 54 Outro,https://github.com/paneldata/gip/raw/master/pdfs/W66.pdf,PDF Version of the questionnaire W66
question,gip,,,W67,Page 1 Introduction,https://github.com/paneldata/gip/raw/master/pdfs/W67.pdf,PDF Version of the questionnaire W67
question,gip,,,W67,Page 2,https://github.com/paneldata/gip/raw/master/pdfs/W67.pdf,PDF Version of the questionnaire W67
question,gip,,,W67,Page 3,https://github.com/paneldata/gip/raw/master/pdfs/W67.pdf,PDF Version of the questionnaire W67
question,gip,,,W67,Page 4,https://github.com/paneldata/gip/raw/master/pdfs/W67.pdf,PDF Version of the questionnaire W67
question,gip,,,W67,Page 5,https://github.com/paneldata/gip/raw/master/pdfs/W67.pdf,PDF Version of the questionnaire W67
question,gip,,,W67,Page 6,https://github.com/paneldata/gip/raw/master/pdfs/W67.pdf,PDF Version of the questionnaire W67
question,gip,,,W67,Page 7,https://github.com/paneldata/gip/raw/master/pdfs/W67.pdf,PDF Version of the questionnaire W67
question,gip,,,W67,Page 8,https://github.com/paneldata/gip/raw/master/pdfs/W67.pdf,PDF Version of the questionnaire W67
question,gip,,,W67,Page 9 ,https://github.com/paneldata/gip/raw/master/pdfs/W67.pdf,PDF Version of the questionnaire W67
question,gip,,,W67,Page 10,https://github.com/paneldata/gip/raw/master/pdfs/W67.pdf,PDF Version of the questionnaire W67
question,gip,,,W67,Page 11,https://github.com/paneldata/gip/raw/master/pdfs/W67.pdf,PDF Version of the questionnaire W67
question,gip,,,W67,Page 12,https://github.com/paneldata/gip/raw/master/pdfs/W67.pdf,PDF Version of the questionnaire W67
question,gip,,,W67,Page 13,https://github.com/paneldata/gip/raw/master/pdfs/W67.pdf,PDF Version of the questionnaire W67
question,gip,,,W67,Page 14,https://github.com/paneldata/gip/raw/master/pdfs/W67.pdf,PDF Version of the questionnaire W67
question,gip,,,W67,Page 15,https://github.com/paneldata/gip/raw/master/pdfs/W67.pdf,PDF Version of the questionnaire W67
question,gip,,,W67,Page 16,https://github.com/paneldata/gip/raw/master/pdfs/W67.pdf,PDF Version of the questionnaire W67
question,gip,,,W67,Page 17,https://github.com/paneldata/gip/raw/master/pdfs/W67.pdf,PDF Version of the questionnaire W67
question,gip,,,W67,Page 18,https://github.com/paneldata/gip/raw/master/pdfs/W67.pdf,PDF Version of the questionnaire W67
question,gip,,,W67,Page 19,https://github.com/paneldata/gip/raw/master/pdfs/W67.pdf,PDF Version of the questionnaire W67
question,gip,,,W67,Page 20,https://github.com/paneldata/gip/raw/master/pdfs/W67.pdf,PDF Version of the questionnaire W67
question,gip,,,W67,Page 21,https://github.com/paneldata/gip/raw/master/pdfs/W67.pdf,PDF Version of the questionnaire W67
question,gip,,,W67,Page 22,https://github.com/paneldata/gip/raw/master/pdfs/W67.pdf,PDF Version of the questionnaire W67
question,gip,,,W67,Page 23,https://github.com/paneldata/gip/raw/master/pdfs/W67.pdf,PDF Version of the questionnaire W67
question,gip,,,W67,Page 24,https://github.com/paneldata/gip/raw/master/pdfs/W67.pdf,PDF Version of the questionnaire W67
question,gip,,,W67,Page 25,https://github.com/paneldata/gip/raw/master/pdfs/W67.pdf,PDF Version of the questionnaire W67
question,gip,,,W67,Page 26,https://github.com/paneldata/gip/raw/master/pdfs/W67.pdf,PDF Version of the questionnaire W67
question,gip,,,W67,Page 27,https://github.com/paneldata/gip/raw/master/pdfs/W67.pdf,PDF Version of the questionnaire W67
question,gip,,,W67,Page 28,https://github.com/paneldata/gip/raw/master/pdfs/W67.pdf,PDF Version of the questionnaire W67
question,gip,,,W67,Page 29,https://github.com/paneldata/gip/raw/master/pdfs/W67.pdf,PDF Version of the questionnaire W67
question,gip,,,W67,Page 30,https://github.com/paneldata/gip/raw/master/pdfs/W67.pdf,PDF Version of the questionnaire W67
question,gip,,,W67,Page 31,https://github.com/paneldata/gip/raw/master/pdfs/W67.pdf,PDF Version of the questionnaire W67
question,gip,,,W67,Page 32,https://github.com/paneldata/gip/raw/master/pdfs/W67.pdf,PDF Version of the questionnaire W67
question,gip,,,W67,Page 33,https://github.com/paneldata/gip/raw/master/pdfs/W67.pdf,PDF Version of the questionnaire W67
question,gip,,,W67,Page 34,https://github.com/paneldata/gip/raw/master/pdfs/W67.pdf,PDF Version of the questionnaire W67
question,gip,,,W67,Page 35,https://github.com/paneldata/gip/raw/master/pdfs/W67.pdf,PDF Version of the questionnaire W67
question,gip,,,W67,Page 36,https://github.com/paneldata/gip/raw/master/pdfs/W67.pdf,PDF Version of the questionnaire W67
question,gip,,,W67,Page 37,https://github.com/paneldata/gip/raw/master/pdfs/W67.pdf,PDF Version of the questionnaire W67
question,gip,,,W67,Page 38 ,https://github.com/paneldata/gip/raw/master/pdfs/W67.pdf,PDF Version of the questionnaire W67
question,gip,,,W67,Page 39,https://github.com/paneldata/gip/raw/master/pdfs/W67.pdf,PDF Version of the questionnaire W67
question,gip,,,W67,Page 40 ,https://github.com/paneldata/gip/raw/master/pdfs/W67.pdf,PDF Version of the questionnaire W67
question,gip,,,W67,Page 41,https://github.com/paneldata/gip/raw/master/pdfs/W67.pdf,PDF Version of the questionnaire W67
question,gip,,,W67,Page 42,https://github.com/paneldata/gip/raw/master/pdfs/W67.pdf,PDF Version of the questionnaire W67
question,gip,,,W67,Page 43,https://github.com/paneldata/gip/raw/master/pdfs/W67.pdf,PDF Version of the questionnaire W67
question,gip,,,W67,Page 44,https://github.com/paneldata/gip/raw/master/pdfs/W67.pdf,PDF Version of the questionnaire W67
question,gip,,,W67,Page 45,https://github.com/paneldata/gip/raw/master/pdfs/W67.pdf,PDF Version of the questionnaire W67
question,gip,,,W67,Page 46,https://github.com/paneldata/gip/raw/master/pdfs/W67.pdf,PDF Version of the questionnaire W67
question,gip,,,W67,Page 47,https://github.com/paneldata/gip/raw/master/pdfs/W67.pdf,PDF Version of the questionnaire W67
question,gip,,,W67,Page 48,https://github.com/paneldata/gip/raw/master/pdfs/W67.pdf,PDF Version of the questionnaire W67
question,gip,,,W67,Page 49,https://github.com/paneldata/gip/raw/master/pdfs/W67.pdf,PDF Version of the questionnaire W67
question,gip,,,W67,Page 50,https://github.com/paneldata/gip/raw/master/pdfs/W67.pdf,PDF Version of the questionnaire W67
question,gip,,,W67,Page 51,https://github.com/paneldata/gip/raw/master/pdfs/W67.pdf,PDF Version of the questionnaire W67
question,gip,,,W67,Page 52,https://github.com/paneldata/gip/raw/master/pdfs/W67.pdf,PDF Version of the questionnaire W67
question,gip,,,W67,Page 53,https://github.com/paneldata/gip/raw/master/pdfs/W67.pdf,PDF Version of the questionnaire W67
question,gip,,,W67,Page 54,https://github.com/paneldata/gip/raw/master/pdfs/W67.pdf,PDF Version of the questionnaire W67
question,gip,,,W67,Page 55,https://github.com/paneldata/gip/raw/master/pdfs/W67.pdf,PDF Version of the questionnaire W67
question,gip,,,W67,Page 56,https://github.com/paneldata/gip/raw/master/pdfs/W67.pdf,PDF Version of the questionnaire W67
question,gip,,,W67,Page 57,https://github.com/paneldata/gip/raw/master/pdfs/W67.pdf,PDF Version of the questionnaire W67
question,gip,,,W67,Page 58,https://github.com/paneldata/gip/raw/master/pdfs/W67.pdf,PDF Version of the questionnaire W67
question,gip,,,W67,Page 59,https://github.com/paneldata/gip/raw/master/pdfs/W67.pdf,PDF Version of the questionnaire W67
question,gip,,,W67,Page 60,https://github.com/paneldata/gip/raw/master/pdfs/W67.pdf,PDF Version of the questionnaire W67
question,gip,,,W67,Page 61,https://github.com/paneldata/gip/raw/master/pdfs/W67.pdf,PDF Version of the questionnaire W67
question,gip,,,W67,Page 62,https://github.com/paneldata/gip/raw/master/pdfs/W67.pdf,PDF Version of the questionnaire W67
question,gip,,,W67,Page 63,https://github.com/paneldata/gip/raw/master/pdfs/W67.pdf,PDF Version of the questionnaire W67
question,gip,,,W67,Page 64,https://github.com/paneldata/gip/raw/master/pdfs/W67.pdf,PDF Version of the questionnaire W67
question,gip,,,W67,Page 65,https://github.com/paneldata/gip/raw/master/pdfs/W67.pdf,PDF Version of the questionnaire W67
question,gip,,,W67,Page 66,https://github.com/paneldata/gip/raw/master/pdfs/W67.pdf,PDF Version of the questionnaire W67
question,gip,,,W67,Page 67,https://github.com/paneldata/gip/raw/master/pdfs/W67.pdf,PDF Version of the questionnaire W67
question,gip,,,W67,Page 68,https://github.com/paneldata/gip/raw/master/pdfs/W67.pdf,PDF Version of the questionnaire W67
question,gip,,,W67,Page 69,https://github.com/paneldata/gip/raw/master/pdfs/W67.pdf,PDF Version of the questionnaire W67
question,gip,,,W67,Page 70,https://github.com/paneldata/gip/raw/master/pdfs/W67.pdf,PDF Version of the questionnaire W67
question,gip,,,W67,Page 71,https://github.com/paneldata/gip/raw/master/pdfs/W67.pdf,PDF Version of the questionnaire W67
question,gip,,,W67,Page 72,https://github.com/paneldata/gip/raw/master/pdfs/W67.pdf,PDF Version of the questionnaire W67
question,gip,,,W67,Page 73,https://github.com/paneldata/gip/raw/master/pdfs/W67.pdf,PDF Version of the questionnaire W67
question,gip,,,W67,Page 74,https://github.com/paneldata/gip/raw/master/pdfs/W67.pdf,PDF Version of the questionnaire W67
question,gip,,,W67,Page 75,https://github.com/paneldata/gip/raw/master/pdfs/W67.pdf,PDF Version of the questionnaire W67
question,gip,,,W67,Page 76,https://github.com/paneldata/gip/raw/master/pdfs/W67.pdf,PDF Version of the questionnaire W67
question,gip,,,W67,Page 77,https://github.com/paneldata/gip/raw/master/pdfs/W67.pdf,PDF Version of the questionnaire W67
question,gip,,,W67,Page 78,https://github.com/paneldata/gip/raw/master/pdfs/W67.pdf,PDF Version of the questionnaire W67
question,gip,,,W67,Page 79,https://github.com/paneldata/gip/raw/master/pdfs/W67.pdf,PDF Version of the questionnaire W67
question,gip,,,W67,Page 80,https://github.com/paneldata/gip/raw/master/pdfs/W67.pdf,PDF Version of the questionnaire W67
question,gip,,,W67,Page 81,https://github.com/paneldata/gip/raw/master/pdfs/W67.pdf,PDF Version of the questionnaire W67
question,gip,,,W67,Page 82,https://github.com/paneldata/gip/raw/master/pdfs/W67.pdf,PDF Version of the questionnaire W67
question,gip,,,W67,Page 83,https://github.com/paneldata/gip/raw/master/pdfs/W67.pdf,PDF Version of the questionnaire W67
question,gip,,,W67,Page 84,https://github.com/paneldata/gip/raw/master/pdfs/W67.pdf,PDF Version of the questionnaire W67
question,gip,,,W67,Page 85,https://github.com/paneldata/gip/raw/master/pdfs/W67.pdf,PDF Version of the questionnaire W67
question,gip,,,W67,Page 86,https://github.com/paneldata/gip/raw/master/pdfs/W67.pdf,PDF Version of the questionnaire W67
question,gip,,,W67,Page 87,https://github.com/paneldata/gip/raw/master/pdfs/W67.pdf,PDF Version of the questionnaire W67
question,gip,,,W67,Page 88,https://github.com/paneldata/gip/raw/master/pdfs/W67.pdf,PDF Version of the questionnaire W67
question,gip,,,W67,Page 89,https://github.com/paneldata/gip/raw/master/pdfs/W67.pdf,PDF Version of the questionnaire W67
question,gip,,,W67,Page 90,https://github.com/paneldata/gip/raw/master/pdfs/W67.pdf,PDF Version of the questionnaire W67
question,gip,,,W67,Page 91,https://github.com/paneldata/gip/raw/master/pdfs/W67.pdf,PDF Version of the questionnaire W67
question,gip,,,W67,Page 92,https://github.com/paneldata/gip/raw/master/pdfs/W67.pdf,PDF Version of the questionnaire W67
question,gip,,,W67,Page 93,https://github.com/paneldata/gip/raw/master/pdfs/W67.pdf,PDF Version of the questionnaire W67
question,gip,,,W67,Page 94,https://github.com/paneldata/gip/raw/master/pdfs/W67.pdf,PDF Version of the questionnaire W67
question,gip,,,W67,Page 95,https://github.com/paneldata/gip/raw/master/pdfs/W67.pdf,PDF Version of the questionnaire W67
question,gip,,,W67,Page 96,https://github.com/paneldata/gip/raw/master/pdfs/W67.pdf,PDF Version of the questionnaire W67
question,gip,,,W67,Page 97,https://github.com/paneldata/gip/raw/master/pdfs/W67.pdf,PDF Version of the questionnaire W67
question,gip,,,W67,Page 98,https://github.com/paneldata/gip/raw/master/pdfs/W67.pdf,PDF Version of the questionnaire W67
question,gip,,,W67,Page 99,https://github.com/paneldata/gip/raw/master/pdfs/W67.pdf,PDF Version of the questionnaire W67
question,gip,,,W67,Page 100 ,https://github.com/paneldata/gip/raw/master/pdfs/W67.pdf,PDF Version of the questionnaire W67
question,gip,,,W68,Page 1 Introduction,https://github.com/paneldata/gip/raw/master/pdfs/W68.pdf,PDF Version of the questionnaire W68
question,gip,,,W68,Page 2,https://github.com/paneldata/gip/raw/master/pdfs/W68.pdf,PDF Version of the questionnaire W68
question,gip,,,W68,Page 3,https://github.com/paneldata/gip/raw/master/pdfs/W68.pdf,PDF Version of the questionnaire W68
question,gip,,,W68,Page 4,https://github.com/paneldata/gip/raw/master/pdfs/W68.pdf,PDF Version of the questionnaire W68
question,gip,,,W68,Page 5,https://github.com/paneldata/gip/raw/master/pdfs/W68.pdf,PDF Version of the questionnaire W68
question,gip,,,W68,Page 6,https://github.com/paneldata/gip/raw/master/pdfs/W68.pdf,PDF Version of the questionnaire W68
question,gip,,,W68,Page 7,https://github.com/paneldata/gip/raw/master/pdfs/W68.pdf,PDF Version of the questionnaire W68
question,gip,,,W68,Page 8,https://github.com/paneldata/gip/raw/master/pdfs/W68.pdf,PDF Version of the questionnaire W68
question,gip,,,W68,Page 9,https://github.com/paneldata/gip/raw/master/pdfs/W68.pdf,PDF Version of the questionnaire W68
question,gip,,,W68,Page 10,https://github.com/paneldata/gip/raw/master/pdfs/W68.pdf,PDF Version of the questionnaire W68
question,gip,,,W68,Page 11,https://github.com/paneldata/gip/raw/master/pdfs/W68.pdf,PDF Version of the questionnaire W68
question,gip,,,W68,Page 12,https://github.com/paneldata/gip/raw/master/pdfs/W68.pdf,PDF Version of the questionnaire W68
question,gip,,,W68,Page 13,https://github.com/paneldata/gip/raw/master/pdfs/W68.pdf,PDF Version of the questionnaire W68
question,gip,,,W68,Page 14,https://github.com/paneldata/gip/raw/master/pdfs/W68.pdf,PDF Version of the questionnaire W68
question,gip,,,W68,Page 15,https://github.com/paneldata/gip/raw/master/pdfs/W68.pdf,PDF Version of the questionnaire W68
question,gip,,,W68,Page 16,https://github.com/paneldata/gip/raw/master/pdfs/W68.pdf,PDF Version of the questionnaire W68
question,gip,,,W68,Page 17,https://github.com/paneldata/gip/raw/master/pdfs/W68.pdf,PDF Version of the questionnaire W68
question,gip,,,W68,Page 18,https://github.com/paneldata/gip/raw/master/pdfs/W68.pdf,PDF Version of the questionnaire W68
question,gip,,,W68,Page 19,https://github.com/paneldata/gip/raw/master/pdfs/W68.pdf,PDF Version of the questionnaire W68
question,gip,,,W68,Page 20,https://github.com/paneldata/gip/raw/master/pdfs/W68.pdf,PDF Version of the questionnaire W68
question,gip,,,W68,Page 21,https://github.com/paneldata/gip/raw/master/pdfs/W68.pdf,PDF Version of the questionnaire W68
question,gip,,,W68,Page 22,https://github.com/paneldata/gip/raw/master/pdfs/W68.pdf,PDF Version of the questionnaire W68
question,gip,,,W68,Page 23,https://github.com/paneldata/gip/raw/master/pdfs/W68.pdf,PDF Version of the questionnaire W68
question,gip,,,W68,Page 24,https://github.com/paneldata/gip/raw/master/pdfs/W68.pdf,PDF Version of the questionnaire W68
question,gip,,,W68,Page 25,https://github.com/paneldata/gip/raw/master/pdfs/W68.pdf,PDF Version of the questionnaire W68
question,gip,,,W68,Page 26,https://github.com/paneldata/gip/raw/master/pdfs/W68.pdf,PDF Version of the questionnaire W68
question,gip,,,W68,Page 27,https://github.com/paneldata/gip/raw/master/pdfs/W68.pdf,PDF Version of the questionnaire W68
question,gip,,,W68,Page 28 ,https://github.com/paneldata/gip/raw/master/pdfs/W68.pdf,PDF Version of the questionnaire W68
question,gip,,,W68,Page 29,https://github.com/paneldata/gip/raw/master/pdfs/W68.pdf,PDF Version of the questionnaire W68
question,gip,,,W68,Page 30,https://github.com/paneldata/gip/raw/master/pdfs/W68.pdf,PDF Version of the questionnaire W68
question,gip,,,W68,Page 31,https://github.com/paneldata/gip/raw/master/pdfs/W68.pdf,PDF Version of the questionnaire W68
question,gip,,,W68,Page 32,https://github.com/paneldata/gip/raw/master/pdfs/W68.pdf,PDF Version of the questionnaire W68
question,gip,,,W68,Page 33,https://github.com/paneldata/gip/raw/master/pdfs/W68.pdf,PDF Version of the questionnaire W68
question,gip,,,W68,Page 34,https://github.com/paneldata/gip/raw/master/pdfs/W68.pdf,PDF Version of the questionnaire W68
question,gip,,,W68,Page 35,https://github.com/paneldata/gip/raw/master/pdfs/W68.pdf,PDF Version of the questionnaire W68
question,gip,,,W68,Page 36,https://github.com/paneldata/gip/raw/master/pdfs/W68.pdf,PDF Version of the questionnaire W68
question,gip,,,W68,Page 37,https://github.com/paneldata/gip/raw/master/pdfs/W68.pdf,PDF Version of the questionnaire W68
question,gip,,,W68,Page 38,https://github.com/paneldata/gip/raw/master/pdfs/W68.pdf,PDF Version of the questionnaire W68
question,gip,,,W68,Page 39,https://github.com/paneldata/gip/raw/master/pdfs/W68.pdf,PDF Version of the questionnaire W68
question,gip,,,W68,Page 40,https://github.com/paneldata/gip/raw/master/pdfs/W68.pdf,PDF Version of the questionnaire W68
question,gip,,,W68,Page 41,https://github.com/paneldata/gip/raw/master/pdfs/W68.pdf,PDF Version of the questionnaire W68
question,gip,,,W68,Page 42,https://github.com/paneldata/gip/raw/master/pdfs/W68.pdf,PDF Version of the questionnaire W68
question,gip,,,W68,Page 43,https://github.com/paneldata/gip/raw/master/pdfs/W68.pdf,PDF Version of the questionnaire W68
question,gip,,,W68,Page 44,https://github.com/paneldata/gip/raw/master/pdfs/W68.pdf,PDF Version of the questionnaire W68
question,gip,,,W68,Page 45,https://github.com/paneldata/gip/raw/master/pdfs/W68.pdf,PDF Version of the questionnaire W68
question,gip,,,W68,Page 46,https://github.com/paneldata/gip/raw/master/pdfs/W68.pdf,PDF Version of the questionnaire W68
question,gip,,,W68,Page 47,https://github.com/paneldata/gip/raw/master/pdfs/W68.pdf,PDF Version of the questionnaire W68
question,gip,,,W68,Page 48,https://github.com/paneldata/gip/raw/master/pdfs/W68.pdf,PDF Version of the questionnaire W68
question,gip,,,W68,Page 49,https://github.com/paneldata/gip/raw/master/pdfs/W68.pdf,PDF Version of the questionnaire W68
question,gip,,,W68,Page 50,https://github.com/paneldata/gip/raw/master/pdfs/W68.pdf,PDF Version of the questionnaire W68
question,gip,,,W68,Page 51,https://github.com/paneldata/gip/raw/master/pdfs/W68.pdf,PDF Version of the questionnaire W68
question,gip,,,W68,Page 52,https://github.com/paneldata/gip/raw/master/pdfs/W68.pdf,PDF Version of the questionnaire W68
question,gip,,,W68,Page 53,https://github.com/paneldata/gip/raw/master/pdfs/W68.pdf,PDF Version of the questionnaire W68
question,gip,,,W68,Page 54,https://github.com/paneldata/gip/raw/master/pdfs/W68.pdf,PDF Version of the questionnaire W68
question,gip,,,W68,Page 55,https://github.com/paneldata/gip/raw/master/pdfs/W68.pdf,PDF Version of the questionnaire W68
question,gip,,,W68,Page 56,https://github.com/paneldata/gip/raw/master/pdfs/W68.pdf,PDF Version of the questionnaire W68
question,gip,,,W68,Page 57,https://github.com/paneldata/gip/raw/master/pdfs/W68.pdf,PDF Version of the questionnaire W68
question,gip,,,W68,Page 58,https://github.com/paneldata/gip/raw/master/pdfs/W68.pdf,PDF Version of the questionnaire W68
question,gip,,,W68,Page 59,https://github.com/paneldata/gip/raw/master/pdfs/W68.pdf,PDF Version of the questionnaire W68
question,gip,,,W68,Page 60,https://github.com/paneldata/gip/raw/master/pdfs/W68.pdf,PDF Version of the questionnaire W68
instrument,gip,,,W59,,https://github.com/paneldata/gip/raw/master/pdfs/W59.pdf,PDF Version of the questionnaire W59
instrument,gip,,,W60,,https://github.com/paneldata/gip/raw/master/pdfs/W60.pdf,PDF Version of the questionnaire W60
instrument,gip,,,W61,,https://github.com/paneldata/gip/raw/master/pdfs/W61.pdf,PDF Version of the questionnaire W61
instrument,gip,,,W62,,https://github.com/paneldata/gip/raw/master/pdfs/W62.pdf,PDF Version of the questionnaire W62
instrument,gip,,,W63,,https://github.com/paneldata/gip/raw/master/pdfs/W63.pdf,PDF Version of the questionnaire W63
instrument,gip,,,W64,,https://github.com/paneldata/gip/raw/master/pdfs/W64.pdf,PDF Version of the questionnaire W64
instrument,gip,,,W65,,https://github.com/paneldata/gip/raw/master/pdfs/W65.pdf,PDF Version of the questionnaire W65
instrument,gip,,,W66,,https://github.com/paneldata/gip/raw/master/pdfs/W66.pdf,PDF Version of the questionnaire W66
instrument,gip,,,W67,,https://github.com/paneldata/gip/raw/master/pdfs/W67.pdf,PDF Version of the questionnaire W67
instrument,gip,,,W68,,https://github.com/paneldata/gip/raw/master/pdfs/W68.pdf,PDF Version of the questionnaire W68
dataset,gip,GIP_W59_V1,,,,https://github.com/paneldata/gip/raw/master/pdfs/W59.pdf,PDF Version of the questionnaire W59
dataset,gip,GIP_W60_V1,,,,https://github.com/paneldata/gip/raw/master/pdfs/W60.pdf,PDF Version of the questionnaire W60
dataset,gip,GIP_W61_V1,,,,https://github.com/paneldata/gip/raw/master/pdfs/W61.pdf,PDF Version of the questionnaire W61
dataset,gip,GIP_W62_V1,,,,https://github.com/paneldata/gip/raw/master/pdfs/W62.pdf,PDF Version of the questionnaire W62
dataset,gip,GIP_W63_V1,,,,https://github.com/paneldata/gip/raw/master/pdfs/W63.pdf,PDF Version of the questionnaire W63
dataset,gip,GIP_W64_V1,,,,https://github.com/paneldata/gip/raw/master/pdfs/W64.pdf,PDF Version of the questionnaire W64
dataset,gip,GIP_W65_V1,,,,https://github.com/paneldata/gip/raw/master/pdfs/W65.pdf,PDF Version of the questionnaire W65
dataset,gip,GIP_W66_V1,,,,https://github.com/paneldata/gip/raw/master/pdfs/W66.pdf,PDF Version of the questionnaire W66
dataset,gip,GIP_W67_V1,,,,https://github.com/paneldata/gip/raw/master/pdfs/W67.pdf,PDF Version of the questionnaire W67
dataset,gip,GIP_W68_V1,,,,https://github.com/paneldata/gip/raw/master/pdfs/W68.pdf,PDF Version of the questionnaire W68
