study_name,instrument_name,question_name,dataset_name,variable_name
gip,W35,Page 2,GIP_W35_V1,RM35001
gip,W35,Page 3,GIP_W35_V1,RM35002
gip,W35,Page 3,GIP_W35_V1,RM35002_a
gip,W35,Page 3,GIP_W35_V1,RM35002_b
gip,W35,Page 3,GIP_W35_V1,RM35002_c
gip,W35,Page 3,GIP_W35_V1,RM35002_d
gip,W35,Page 3,GIP_W35_V1,RM35002_e
gip,W35,Page 3,GIP_W35_V1,RM35002_f
gip,W35,Page 3,GIP_W35_V1,RM35002_g
gip,W35,Page 3,GIP_W35_V1,RM35002_h
gip,W35,Page 4,GIP_W35_V1,RM35003
gip,W35,Page 5,GIP_W35_V1,RM35004
gip,W35,Page 6,GIP_W35_V1,RM35005
gip,W35,Page 6,GIP_W35_V1,RM35005_a
gip,W35,Page 6,GIP_W35_V1,RM35005_b
gip,W35,Page 6,GIP_W35_V1,RM35005_c
gip,W35,Page 6,GIP_W35_V1,RM35005_d
gip,W35,Page 6,GIP_W35_V1,RM35005_e
gip,W35,Page 6,GIP_W35_V1,RM35005_f
gip,W35,Page 6,GIP_W35_V1,RM35005_g
gip,W35,Page 6,GIP_W35_V1,RM35005_h
gip,W35,Page 6,GIP_W35_V1,RM35005_i
gip,W35,Page 6,GIP_W35_V1,RM35005_j
gip,W35,Page 7,GIP_W35_V1,RM35006
gip,W35,Page 8,GIP_W35_V1,RM35007
gip,W35,Page 9,GIP_W35_V1,RM35008
gip,W35,Page 10,GIP_W35_V1,RM35009
gip,W35,Page 11,GIP_W35_V1,RM35010
gip,W35,Page 12,GIP_W35_V1,RM35011
gip,W35,Page 13,GIP_W35_V1,RM35012
gip,W35,Page 14,GIP_W35_V1,RM35013
gip,W35,Page 15,GIP_W35_V1,RM35014
gip,W35,Page 16,GIP_W35_V1,RM35015
gip,W35,Page 17,GIP_W35_V1,RM35016
gip,W35,Page 18,GIP_W35_V1,RM35017
gip,W35,Page 19,GIP_W35_V1,RM35018
gip,W35,Page 20,GIP_W35_V1,RM35019
gip,W35,Page 21,GIP_W35_V1,RM35020
gip,W35,Page 21,GIP_W35_V1,RM35020_a
gip,W35,Page 21,GIP_W35_V1,RM35020_b
gip,W35,Page 21,GIP_W35_V1,RM35020_c
gip,W35,Page 21,GIP_W35_V1,RM35020_d
gip,W35,Page 21,GIP_W35_V1,RM35020_e
gip,W35,Page 21,GIP_W35_V1,RM35020_f
gip,W35,Page 21,GIP_W35_V1,RM35020_g
gip,W35,Page 21,GIP_W35_V1,RM35020_h
gip,W35,Page 21,GIP_W35_V1,RM35020_i
gip,W35,Page 21,GIP_W35_V1,RM35020_j
gip,W35,Page 22,GIP_W35_V1,RM35021
gip,W35,Page 22,GIP_W35_V1,RM35021_a
gip,W35,Page 22,GIP_W35_V1,RM35021_b
gip,W35,Page 22,GIP_W35_V1,RM35021_c
gip,W35,Page 22,GIP_W35_V1,RM35021_d
gip,W35,Page 22,GIP_W35_V1,RM35021_e
gip,W35,Page 22,GIP_W35_V1,RM35021_f
gip,W35,Page 22,GIP_W35_V1,RM35021_g
gip,W35,Page 22,GIP_W35_V1,RM35021_h
gip,W35,Page 22,GIP_W35_V1,RM35021_i
gip,W35,Page 22,GIP_W35_V1,RM35021_j
gip,W35,Page 23,GIP_W35_V1,RM35022
gip,W35,Page 23,GIP_W35_V1,RM35022_a
gip,W35,Page 23,GIP_W35_V1,RM35022_b
gip,W35,Page 23,GIP_W35_V1,RM35022_c
gip,W35,Page 23,GIP_W35_V1,RM35022_d
gip,W35,Page 23,GIP_W35_V1,RM35022_e
gip,W35,Page 23,GIP_W35_V1,RM35022_f
gip,W35,Page 23,GIP_W35_V1,RM35022_g
gip,W35,Page 23,GIP_W35_V1,RM35022_h
gip,W35,Page 23,GIP_W35_V1,RM35022_i
gip,W35,Page 23,GIP_W35_V1,RM35022_j
gip,W35,Page 23,GIP_W35_V1,RM35022_k
gip,W35,Page 24,GIP_W35_V1,RM35023
gip,W35,Page 25,GIP_W35_V1,RM35024
gip,W35,Page 26,GIP_W35_V1,CE35304
gip,W35,Page 27,GIP_W35_V1,CE35250
gip,W35,Page 28,GIP_W35_V1,CE35252
gip,W35,Page 29,GIP_W35_V1,CE35254
gip,W35,Page 30,GIP_W35_V1,CE35256
gip,W35,Page 31,GIP_W35_V1,CE35258
gip,W35,Page 32,GIP_W35_V1,CE35260
gip,W35,Page 33,GIP_W35_V1,CE35262
gip,W35,Page 34,GIP_W35_V1,ZJ35030
gip,W35,Page 35,GIP_W35_V1,ZJ35031
gip,W35,Page 36,GIP_W35_V1,QE35001
gip,W35,Page 37,GIP_W35_V1,QE35002
gip,W35,Page 38,GIP_W35_V1,QE35003
gip,W35,Page 39,GIP_W35_V1,QE35004
gip,W35,Page 40,GIP_W35_V1,QE35005
gip,W35,Page 41,GIP_W35_V1,QE35006
gip,W35,Page 42,GIP_W35_V1,QE35007
gip,W35,Page 43,GIP_W35_V1,QE35008_TXT
gip,W36,Page 2,GIP_W36_V1,expCG36098
gip,W36,Page 3,GIP_W36_V1,CG36099
gip,W36,Page 4,GIP_W36_V1,CG36100
gip,W36,Page 5,GIP_W36_V1,CG36101
gip,W36,Page 6,GIP_W36_V1,CG36102
gip,W36,Page 7,GIP_W36_V1,ZH36032
gip,W36,Page 8,GIP_W36_V1,CG36001
gip,W36,Page 8,GIP_W36_V1,CG36003
gip,W36,Page 8,GIP_W36_V1,CG36007
gip,W36,Page 8,GIP_W36_V1,CG36006
gip,W36,Page 8,GIP_W36_V1,CG36005
gip,W36,Page 8,GIP_W36_V1,CG36004
gip,W36,Page 9,GIP_W36_V1,CG36001
gip,W36,Page 9,GIP_W36_V1,CG36003
gip,W36,Page 9,GIP_W36_V1,CG36007
gip,W36,Page 9,GIP_W36_V1,CG36006
gip,W36,Page 9,GIP_W36_V1,CG36005
gip,W36,Page 9,GIP_W36_V1,CG36004
gip,W36,Page 10,GIP_W36_V1,CG36095
gip,W36,Page 11,GIP_W36_V1,CG36096
gip,W36,Page 12,GIP_W36_V1,CD36129_TXT
gip,W36,Page 16,GIP_W36_V1,CD36131_TXT
gip,W36,Page 17,GIP_W36_V1,CD36132_TXT
gip,W36,Page 21,GIP_W36_V1,CD36134_TXT
gip,W36,Page 22,GIP_W36_V1,AC36184
gip,W36,Page 23,GIP_W36_V1,AC36185
gip,W36,Page 24,GIP_W36_V1,AC36186
gip,W36,Page 25,GIP_W36_V1,AC36187
gip,W36,Page 26,GIP_W36_V1,AC36188
gip,W36,Page 27,GIP_W36_V1,AC36189
gip,W36,Page 28,GIP_W36_V1,AC36190
gip,W36,Page 29,GIP_W36_V1,AC36191
gip,W36,Page 30,GIP_W36_V1,AC36192
gip,W36,Page 31,GIP_W36_V1,AC36193
gip,W36,Page 32,GIP_W36_V1,AC36194
gip,W36,Page 33,GIP_W36_V1,AA36005
gip,W36,Page 34,GIP_W36_V1,AC36058
gip,W36,Page 35,GIP_W36_V1,AC36194_TXT
gip,W36,Page 36,GIP_W36_V1,AC36067
gip,W36,Page 37,GIP_W36_V1,AC36195_TXT
gip,W36,Page 39,GIP_W36_V1,CF36076
gip,W36,Page 40,GIP_W36_V1,expCF36077
gip,W36,Page 41,GIP_W36_V1,CF36078
gip,W36,Page 42,GIP_W36_V1,CF36079
gip,W36,Page 43,GIP_W36_V1,CF36080
gip,W36,Page 44,GIP_W36_V1,CF36081
gip,W36,Page 45,GIP_W36_V1,CF36082
gip,W36,Page 46,GIP_W36_V1,CF36083
gip,W36,Page 47,GIP_W36_V1,CF36084
gip,W36,Page 48,GIP_W36_V1,expCF36085
gip,W36,Page 49,GIP_W36_V1,CF36086
gip,W36,Page 50,GIP_W36_V1,CF36087
gip,W36,Page 50,GIP_W36_V1,CF36087_a
gip,W36,Page 50,GIP_W36_V1,CF36087_b
gip,W36,Page 50,GIP_W36_V1,CF36087_c
gip,W36,Page 50,GIP_W36_V1,CF36087_d
gip,W36,Page 50,GIP_W36_V1,CF36087_e
gip,W36,Page 50,GIP_W36_V1,CF36087_f
gip,W36,Page 50,GIP_W36_V1,CF36087_g
gip,W36,Page 50,GIP_W36_V1,CF36087_h
gip,W36,Page 50,GIP_W36_V1,CF36087_i
gip,W36,Page 50,GIP_W36_V1,CF36087_j
gip,W36,Page 50,GIP_W36_V1,CF36087_k
gip,W36,Page 50,GIP_W36_V1,CF36087_l
gip,W36,Page 51,GIP_W36_V1,CF36040
gip,W36,Page 52,GIP_W36_V1,CF36002
gip,W36,Page 53,GIP_W36_V1,CF36003
gip,W36,Page 54,GIP_W36_V1,CF36004
gip,W36,Page 55,GIP_W36_V1,CF36012
gip,W36,Page 56,GIP_W36_V1,ZJ36032
gip,W36,Page 57,GIP_W36_V1,CE36152
gip,W36,Page 58,GIP_W36_V1,CE36300
gip,W36,Page 59,GIP_W36_V1,CE36233
gip,W36,Page 60,GIP_W36_V1,CE36307
gip,W36,Page 61,GIP_W36_V1,QE36001
gip,W36,Page 62,GIP_W36_V1,QE36002
gip,W36,Page 63,GIP_W36_V1,QE36003
gip,W36,Page 64,GIP_W36_V1,QE36004
gip,W36,Page 65,GIP_W36_V1,QE36005
gip,W36,Page 66,GIP_W36_V1,QE36006
gip,W36,Page 67,GIP_W36_V1,QE36007
gip,W36,Page 68,GIP_W36_V1,QE36008_TXT
gip,W37,Page 2,GIP_W37_V1,AA37401
gip,W37,Page 2,GIP_W37_V1,AA37402
gip,W37,Page 2,GIP_W37_V1,AA37403
gip,W37,Page 2,GIP_W37_V1,AA37404
gip,W37,Page 2,GIP_W37_V1,AA37401
gip,W37,Page 2,GIP_W37_V1,AA37402
gip,W37,Page 2,GIP_W37_V1,AA37403
gip,W37,Page 2,GIP_W37_V1,AA37404
gip,W37,Page 3,GIP_W37_V1,AA37405
gip,W37,Page 3,GIP_W37_V1,AA37406
gip,W37,Page 3,GIP_W37_V1,AA37407
gip,W37,Page 3,GIP_W37_V1,AA37408
gip,W37,Page 3,GIP_W37_V1,AA07400_TXT
gip,W37,Page 3,GIP_W37_V1,AA37405
gip,W37,Page 3,GIP_W37_V1,AA37406
gip,W37,Page 3,GIP_W37_V1,AA37407
gip,W37,Page 3,GIP_W37_V1,AA37408
gip,W37,Page 3,GIP_W37_V1,AA37400_TXT
gip,W37,Page 4,GIP_W37_V1,AA37409
gip,W37,Page 5,GIP_W37_V1,AA37410
gip,W37,Page 6,GIP_W37_V1,AA37210
gip,W37,Page 7,GIP_W37_V1,AA37411
gip,W37,Page 8,GIP_W37_V1,AA37412
gip,W37,Page 9,GIP_W37_V1,AA37211
gip,W37,Page 10,GIP_W37_V1,AA37307
gip,W37,Page 11,GIP_W37_V1,AA37308
gip,W37,Page 11,GIP_W37_V1,AA37308_a
gip,W37,Page 11,GIP_W37_V1,AA37308_b
gip,W37,Page 11,GIP_W37_V1,AA37308_c
gip,W37,Page 11,GIP_W37_V1,AA37308_d
gip,W37,Page 11,GIP_W37_V1,AA37308_e
gip,W37,Page 11,GIP_W37_V1,AA37308_f
gip,W37,Page 11,GIP_W37_V1,AA37308_g
gip,W37,Page 11,GIP_W37_V1,AA37308_h
gip,W37,Page 11,GIP_W37_V1,AA37308_i
gip,W37,Page 11,GIP_W37_V1,AA37308_j
gip,W37,Page 11,GIP_W37_V1,AA37308_k
gip,W37,Page 11,GIP_W37_V1,AA37308_l
gip,W37,Page 11,GIP_W37_V1,AA37308_m
gip,W37,Page 12,GIP_W37_V1,AA37004
gip,W37,Page 13,GIP_W37_V1,AA37057
gip,W37,Page 14,GIP_W37_V1,AA37413a
gip,W37,Page 14,GIP_W37_V1,AA37414a
gip,W37,Page 14,GIP_W37_V1,AA37415a
gip,W37,Page 14,GIP_W37_V1,AA37413a
gip,W37,Page 14,GIP_W37_V1,AA37414a
gip,W37,Page 14,GIP_W37_V1,AA37415a
gip,W37,Page 15,GIP_W37_V1,AA37413b
gip,W37,Page 15,GIP_W37_V1,AA37414b
gip,W37,Page 15,GIP_W37_V1,AA37415b
gip,W37,Page 15,GIP_W37_V1,AA37413b
gip,W37,Page 15,GIP_W37_V1,AA37414b
gip,W37,Page 15,GIP_W37_V1,AA37415b
gip,W37,Page 16,GIP_W37_V1,AA37413c
gip,W37,Page 16,GIP_W37_V1,AA37414c
gip,W37,Page 16,GIP_W37_V1,AA37415c
gip,W37,Page 16,GIP_W37_V1,AA37413c
gip,W37,Page 16,GIP_W37_V1,AA37414c
gip,W37,Page 16,GIP_W37_V1,AA37415c
gip,W37,Page 17,GIP_W37_V1,AA37413d
gip,W37,Page 17,GIP_W37_V1,AA37414d
gip,W37,Page 17,GIP_W37_V1,AA37415d
gip,W37,Page 17,GIP_W37_V1,AA37413d
gip,W37,Page 17,GIP_W37_V1,AA37414d
gip,W37,Page 17,GIP_W37_V1,AA37415d
gip,W37,Page 18,GIP_W37_V1,AA37413e
gip,W37,Page 18,GIP_W37_V1,AA37414e
gip,W37,Page 18,GIP_W37_V1,AA37415e
gip,W37,Page 18,GIP_W37_V1,AA37413e
gip,W37,Page 18,GIP_W37_V1,AA37414e
gip,W37,Page 18,GIP_W37_V1,AA37415e
gip,W37,Page 19,GIP_W37_V1,AA37413f
gip,W37,Page 19,GIP_W37_V1,AA37414f
gip,W37,Page 19,GIP_W37_V1,AA37415f
gip,W37,Page 19,GIP_W37_V1,AA37413f
gip,W37,Page 19,GIP_W37_V1,AA37414f
gip,W37,Page 19,GIP_W37_V1,AA37415f
gip,W37,Page 20,GIP_W37_V1,AA37413g
gip,W37,Page 20,GIP_W37_V1,AA37414g
gip,W37,Page 20,GIP_W37_V1,AA37415g
gip,W37,Page 20,GIP_W37_V1,AA37413g
gip,W37,Page 20,GIP_W37_V1,AA37414g
gip,W37,Page 20,GIP_W37_V1,AA37415g
gip,W37,Page 21,GIP_W37_V1,AA37413h
gip,W37,Page 21,GIP_W37_V1,AA37414h
gip,W37,Page 21,GIP_W37_V1,AA37415h
gip,W37,Page 21,GIP_W37_V1,AA37413h
gip,W37,Page 21,GIP_W37_V1,AA37414h
gip,W37,Page 21,GIP_W37_V1,AA37415h
gip,W37,Page 22,GIP_W37_V1,AA37413i
gip,W37,Page 22,GIP_W37_V1,AA37414i
gip,W37,Page 22,GIP_W37_V1,AA37415i
gip,W37,Page 22,GIP_W37_V1,AA37413i
gip,W37,Page 22,GIP_W37_V1,AA37414i
gip,W37,Page 22,GIP_W37_V1,AA37415i
gip,W37,Page 23,GIP_W37_V1,AA37413j
gip,W37,Page 23,GIP_W37_V1,AA37414j
gip,W37,Page 23,GIP_W37_V1,AA37415j
gip,W37,Page 23,GIP_W37_V1,AA37413j
gip,W37,Page 23,GIP_W37_V1,AA37414j
gip,W37,Page 23,GIP_W37_V1,AA37415j
gip,W37,Page 24,GIP_W37_V1,AA37413k
gip,W37,Page 24,GIP_W37_V1,AA37414k
gip,W37,Page 24,GIP_W37_V1,AA37415k
gip,W37,Page 24,GIP_W37_V1,AA37413k
gip,W37,Page 24,GIP_W37_V1,AA37414k
gip,W37,Page 24,GIP_W37_V1,AA37415k
gip,W37,Page 25,GIP_W37_V1,AA37413l
gip,W37,Page 25,GIP_W37_V1,AA37414l
gip,W37,Page 25,GIP_W37_V1,AA37415l
gip,W37,Page 25,GIP_W37_V1,AA37413l
gip,W37,Page 25,GIP_W37_V1,AA37414l
gip,W37,Page 25,GIP_W37_V1,AA37415l
gip,W37,Page 26,GIP_W37_V1,AA37413m
gip,W37,Page 26,GIP_W37_V1,AA37414m
gip,W37,Page 26,GIP_W37_V1,AA37415m
gip,W37,Page 26,GIP_W37_V1,AA37413m
gip,W37,Page 26,GIP_W37_V1,AA37414m
gip,W37,Page 26,GIP_W37_V1,AA37415m
gip,W37,Page 27,GIP_W37_V1,AA37413n
gip,W37,Page 27,GIP_W37_V1,AA37414n
gip,W37,Page 27,GIP_W37_V1,AA37415n
gip,W37,Page 27,GIP_W37_V1,AA37413n
gip,W37,Page 27,GIP_W37_V1,AA37414n
gip,W37,Page 27,GIP_W37_V1,AA37415n
gip,W37,Page 28,GIP_W37_V1,AA37413o
gip,W37,Page 28,GIP_W37_V1,AA37414o
gip,W37,Page 28,GIP_W37_V1,AA37415o
gip,W37,Page 28,GIP_W37_V1,AA37413o
gip,W37,Page 28,GIP_W37_V1,AA37414o
gip,W37,Page 28,GIP_W37_V1,AA37415o
gip,W37,Page 29,GIP_W37_V1,AA37413p
gip,W37,Page 29,GIP_W37_V1,AA37414p
gip,W37,Page 29,GIP_W37_V1,AA37415p
gip,W37,Page 29,GIP_W37_V1,AA37413p
gip,W37,Page 29,GIP_W37_V1,AA37414p
gip,W37,Page 29,GIP_W37_V1,AA37415p
gip,W37,Page 30,GIP_W37_V1,AA37413q
gip,W37,Page 30,GIP_W37_V1,AA37414q
gip,W37,Page 30,GIP_W37_V1,AA37415q
gip,W37,Page 30,GIP_W37_V1,AA37413q
gip,W37,Page 30,GIP_W37_V1,AA37414q
gip,W37,Page 30,GIP_W37_V1,AA37415q
gip,W37,Page 31,GIP_W37_V1,AA37413r
gip,W37,Page 31,GIP_W37_V1,AA37414r
gip,W37,Page 31,GIP_W37_V1,AA37415r
gip,W37,Page 31,GIP_W37_V1,AA37413r
gip,W37,Page 31,GIP_W37_V1,AA37414r
gip,W37,Page 31,GIP_W37_V1,AA37415r
gip,W37,Page 32,GIP_W37_V1,AA37413s
gip,W37,Page 32,GIP_W37_V1,AA37414s
gip,W37,Page 32,GIP_W37_V1,AA37415s
gip,W37,Page 32,GIP_W37_V1,AA37413s
gip,W37,Page 32,GIP_W37_V1,AA37414s
gip,W37,Page 32,GIP_W37_V1,AA37415s
gip,W37,Page 33,GIP_W37_V1,AA37430
gip,W37,Page 34,GIP_W37_V1,AA37303
gip,W37,Page 35,GIP_W37_V1,AA37305
gip,W37,Page 36,GIP_W37_V1,AA37450
gip,W37,Page 36,GIP_W37_V1,AA37450_a
gip,W37,Page 36,GIP_W37_V1,AA37450_b
gip,W37,Page 36,GIP_W37_V1,AA37450_c
gip,W37,Page 36,GIP_W37_V1,AA37450_d
gip,W37,Page 36,GIP_W37_V1,AA37450_e
gip,W37,Page 36,GIP_W37_V1,AA37450_f
gip,W37,Page 36,GIP_W37_V1,AA37450_g
gip,W37,Page 36,GIP_W37_V1,AA37450_h
gip,W37,Page 36,GIP_W37_V1,AA37450_i
gip,W37,Page 36,GIP_W37_V1,AA37450_j
gip,W37,Page 36,GIP_W37_V1,AA37450_k
gip,W37,Page 36,GIP_W37_V1,AA37450_l
gip,W37,Page 36,GIP_W37_V1,AA37450_m
gip,W37,Page 36,GIP_W37_V1,AA37450_n
gip,W37,Page 36,GIP_W37_V1,AA37450_o
gip,W37,Page 36,GIP_W37_V1,AA37450_p
gip,W37,Page 36,GIP_W37_V1,AA37450_q
gip,W37,Page 37,GIP_W37_V1,AA37451
gip,W37,Page 38,GIP_W37_V1,AA37006
gip,W37,Page 39,GIP_W37_V1,AA37452
gip,W37,Page 40,GIP_W37_V1,AA37453
gip,W37,Page 41,GIP_W37_V1,AA37454
gip,W37,Page 42,GIP_W37_V1,AA37455
gip,W37,Page 43,GIP_W37_V1,AA37456
gip,W37,Page 44,GIP_W37_V1,AA37457
gip,W37,Page 45,GIP_W37_V1,AA37458
gip,W37,Page 46,GIP_W37_V1,AA37427
gip,W37,Page 47,GIP_W37_V1,AA37428
gip,W37,Page 48,GIP_W37_V1,AA37429
gip,W37,Page 49,GIP_W37_V1,AA37309
gip,W37,Page 50,GIP_W37_V1,AA37440
gip,W37,Page 51,GIP_W37_V1,AA37023
gip,W37,Page 52,GIP_W37_V1,AA37024
gip,W37,Page 53,GIP_W37_V1,AA37025
gip,W37,Page 54,GIP_W37_V1,AA37026
gip,W37,Page 55,GIP_W37_V1,AA37027
gip,W37,Page 56,GIP_W37_V1,AA37028
gip,W37,Page 57,GIP_W37_V1,AA37029
gip,W37,Page 58,GIP_W37_V1,AA37030
gip,W37,Page 59,GIP_W37_V1,AA37031
gip,W37,Page 60,GIP_W37_V1,AA37032
gip,W37,Page 61,GIP_W37_V1,AA37033
gip,W37,Page 62,GIP_W37_V1,AA37034
gip,W37,Page 63,GIP_W37_V1,AA37035
gip,W37,Page 64,GIP_W37_V1,AA37036
gip,W37,Page 65,GIP_W37_V1,AA37037
gip,W37,Page 66,GIP_W37_V1,AA37040a
gip,W37,Page 67,GIP_W37_V1,AA37041a10
gip,W37,Page 68,GIP_W37_V1,AA37041a3
gip,W37,Page 69,GIP_W37_V1,AA37041a4
gip,W37,Page 70,GIP_W37_V1,AA37041a5
gip,W37,Page 71,GIP_W37_V1,AA37041a6
gip,W37,Page 72,GIP_W37_V1,AA37041a9
gip,W37,Page 73,GIP_W37_V1,AA37042
gip,W37,Page 74,GIP_W37_V1,AA37043
gip,W37,Page 75,GIP_W37_V1,AA37044
gip,W37,Page 76,GIP_W37_V1,AA37045
gip,W37,Page 77,GIP_W37_V1,AA37046
gip,W37,Page 78,GIP_W37_V1,AA37047
gip,W37,Page 79,GIP_W37_V1,AA37048
gip,W37,Page 80,GIP_W37_V1,AA37049
gip,W37,Page 81,GIP_W37_V1,AA37050
gip,W37,Page 82,GIP_W37_V1,AA37051
gip,W37,Page 83,GIP_W37_V1,AA37052
gip,W37,Page 84,GIP_W37_V1,AA37053
gip,W37,Page 86,GIP_W37_V1,AA37054
gip,W37,Page 87,GIP_W37_V1,AA37055
gip,W37,Page 88  ,GIP_W37_V1,AA37465
gip,W37,Page 89,GIP_W37_V1,AA37056
gip,W37,Page 90,GIP_W37_V1,AA37038
gip,W37,Page 91,GIP_W37_V1,QE37001
gip,W37,Page 92,GIP_W37_V1,QE37002
gip,W37,Page 93,GIP_W37_V1,QE37003
gip,W37,Page 94,GIP_W37_V1,QE37004
gip,W37,Page 95,GIP_W37_V1,QE37005
gip,W37,Page 96,GIP_W37_V1,QE37006
gip,W37,Page 97,GIP_W37_V1,QE37007
gip,W37,Page 98,GIP_W37_V1,QE37008_TXT
gip,W38,Page 2,GIP_W38_V1,ZF38092
gip,W38,Page 3,GIP_W38_V1,ZF38093
gip,W38,Page 4,GIP_W38_V1,ZF38094
gip,W38,Page 5,GIP_W38_V1,ZF38095
gip,W38,Page 6,GIP_W38_V1,ZF38096
gip,W38,Page 7,GIP_W38_V1,ZF38097
gip,W38,Page 9,GIP_W38_V1,BG38001
gip,W38,Page 10,GIP_W38_V1,BG38002
gip,W38,Page 11,GIP_W38_V1,BG38003
gip,W38,Page 12,GIP_W38_V1,BG38004
gip,W38,Page 13,GIP_W38_V1,BG38005
gip,W38,Page 14,GIP_W38_V1,BG38006
gip,W38,Page 14,GIP_W38_V1,BG38006_a
gip,W38,Page 14,GIP_W38_V1,BG38006_b
gip,W38,Page 14,GIP_W38_V1,BG38006_c
gip,W38,Page 14,GIP_W38_V1,BG38006_d
gip,W38,Page 14,GIP_W38_V1,BG38006_e
gip,W38,Page 14,GIP_W38_V1,BG38006_f
gip,W38,Page 16,GIP_W38_V1,BG38007
gip,W38,Page 17,GIP_W38_V1,BG38008
gip,W38,Page 18,GIP_W38_V1,BG38009
gip,W38,Page 19,GIP_W38_V1,BG38010
gip,W38,Page 20,GIP_W38_V1,BG38011
gip,W38,Page 21,GIP_W38_V1,ZF38116
gip,W38,Page 22,GIP_W38_V1,CE38153
gip,W38,Page 23,GIP_W38_V1,CE38154
gip,W38,Page 24,GIP_W38_V1,CE38155
gip,W38,Page 25,GIP_W38_V1,CE38156
gip,W38,Page 26,GIP_W38_V1,CE38312
gip,W38,Page 27,GIP_W38_V1,CE38313
gip,W38,Page 28,GIP_W38_V1,CE38056
gip,W38,Page 29,GIP_W38_V1,CE38250
gip,W38,Page 30,GIP_W38_V1,CE38252
gip,W38,Page 31,GIP_W38_V1,CE38254
gip,W38,Page 32,GIP_W38_V1,CE38256
gip,W38,Page 33,GIP_W38_V1,CE38258
gip,W38,Page 34,GIP_W38_V1,CE38260
gip,W38,Page 35,GIP_W38_V1,CE38262
gip,W38,Page 36,GIP_W38_V1,CE38280
gip,W38,Page 37,GIP_W38_V1,CE38281
gip,W38,Page 38,GIP_W38_V1,CE38282
gip,W38,Page 39,GIP_W38_V1,CE38283
gip,W38,Page 40,GIP_W38_V1,CE38284
gip,W38,Page 41,GIP_W38_V1,CE38291
gip,W38,Page 42,GIP_W38_V1,CE38314
gip,W38,Page 43,GIP_W38_V1,CE38315
gip,W38,Page 44,GIP_W38_V1,CE38316
gip,W38,Page 45,GIP_W38_V1,CE38317
gip,W38,Page 46,GIP_W38_V1,CE38318
gip,W38,Page 47,GIP_W38_V1,CE38319
gip,W38,Page 48,GIP_W38_V1,CE38320
gip,W38,Page 49,GIP_W38_V1,CE38321
gip,W38,Page 50,GIP_W38_V1,CE38322
gip,W38,Page 51,GIP_W38_V1,CE38323
gip,W38,Page 52,GIP_W38_V1,CE38324
gip,W38,Page 53,GIP_W38_V1,CE38325
gip,W38,Page 54,GIP_W38_V1,CE38326
gip,W38,Page 55,GIP_W38_V1,CE38327
gip,W38,Page 56,GIP_W38_V1,CE38328
gip,W38,Page 57,GIP_W38_V1,CE38329
gip,W38,Page 58,GIP_W38_V1,CE38330
gip,W38,Page 59,GIP_W38_V1,CE38331
gip,W38,Page 60,GIP_W38_V1,CE38332
gip,W38,Page 61,GIP_W38_V1,CE38333
gip,W38,Page 62,GIP_W38_V1,CE38334
gip,W38,Page 63,GIP_W38_V1,CE38335
gip,W38,Page 64,GIP_W38_V1,CE38336
gip,W38,Page 65,GIP_W38_V1,CE38337
gip,W38,Page 66,GIP_W38_V1,CE38338
gip,W38,Page 67,GIP_W38_V1,CE38339
gip,W38,Page 68,GIP_W38_V1,CE38340
gip,W38,Page 69,GIP_W38_V1,CE38341
gip,W38,Page 70,GIP_W38_V1,CE38342
gip,W38,Page 71,GIP_W38_V1,CE38343
gip,W38,Page 72,GIP_W38_V1,CE38344
gip,W38,Page 73,GIP_W38_V1,CE38345
gip,W38,Page 74,GIP_W38_V1,CE38346
gip,W38,Page 75,GIP_W38_V1,CE38347
gip,W38,Page 76,GIP_W38_V1,CE38348
gip,W38,Page 77,GIP_W38_V1,CE38349
gip,W38,Page 78,GIP_W38_V1,CE38350
gip,W38,Page 79,GIP_W38_V1,CE38351
gip,W38,Page 80,GIP_W38_V1,CE38352
gip,W38,Page 81,GIP_W38_V1,ZF38098
gip,W38,Page 82,GIP_W38_V1,ZF38099
gip,W38,Page 83,GIP_W38_V1,ZF38100
gip,W38,Page 84,GIP_W38_V1,ZF38101
gip,W38,Page 85,GIP_W38_V1,ZF38102
gip,W38,Page 86,GIP_W38_V1,ZF38103
gip,W38,Page 87,GIP_W38_V1,ZF38104
gip,W38,Page 88  ,GIP_W38_V1,ZF38105
gip,W38,Page 89,GIP_W38_V1,ZF38106
gip,W38,Page 90,GIP_W38_V1,ZF38107
gip,W38,Page 91,GIP_W38_V1,ZF38108
gip,W38,Page 92,GIP_W38_V1,ZF38109
gip,W38,Page 93,GIP_W38_V1,ZF38110
gip,W38,Page 94,GIP_W38_V1,ZF38111
gip,W38,Page 95,GIP_W38_V1,ZF38112
gip,W38,Page 96,GIP_W38_V1,ZF38113
gip,W38,Page 97,GIP_W38_V1,ZF38114
gip,W38,Page 98,GIP_W38_V1,ZF38115
gip,W38,Page 99,GIP_W38_V1,QE38001
gip,W38,Page 100,GIP_W38_V1,QE38002
gip,W38,Page 101,GIP_W38_V1,QE38003
gip,W38,Page 102,GIP_W38_V1,QE38004
gip,W38,Page 103,GIP_W38_V1,QE38005
gip,W38,Page 104,GIP_W38_V1,QE38006
gip,W38,Page 105,GIP_W38_V1,QE38007
gip,W38,Page 106,GIP_W38_V1,QE38008_TXT
gip,W39,Page 2,GIP_W39_V1,AA39005
gip,W39,Page 3,GIP_W39_V1,AC39086
gip,W39,Page 5,GIP_W39_V1,AC39050
gip,W39,Page 6,GIP_W39_V1,AC39051
gip,W39,Page 7,GIP_W39_V1,AC39080
gip,W39,Page 8,GIP_W39_V1,AC39148
gip,W39,Page 9,GIP_W39_V1,AC39056
gip,W39,Page 10,GIP_W39_V1,AC39058
gip,W39,Page 11,GIP_W39_V1,AC39088
gip,W39,Page 12,GIP_W39_V1,AC39180
gip,W39,Page 12,GIP_W39_V1,AC39180_a
gip,W39,Page 12,GIP_W39_V1,AC39180_b
gip,W39,Page 12,GIP_W39_V1,AC39180_c
gip,W39,Page 12,GIP_W39_V1,AC39180_d
gip,W39,Page 12,GIP_W39_V1,AC39180_e
gip,W39,Page 12,GIP_W39_V1,AC39180_f
gip,W39,Page 12,GIP_W39_V1,AC39180_g
gip,W39,Page 12,GIP_W39_V1,AC39180_h
gip,W39,Page 12,GIP_W39_V1,AC39180_i
gip,W39,Page 13,GIP_W39_V1,AC39094
gip,W39,Page 13,GIP_W39_V1,AC39094_a
gip,W39,Page 13,GIP_W39_V1,AC39094_b
gip,W39,Page 13,GIP_W39_V1,AC39094_c
gip,W39,Page 13,GIP_W39_V1,AC39094_d
gip,W39,Page 13,GIP_W39_V1,AC39094_e
gip,W39,Page 13,GIP_W39_V1,AC39094_f
gip,W39,Page 13,GIP_W39_V1,AC39094_g
gip,W39,Page 14,GIP_W39_V1,AC39196
gip,W39,Page 16,GIP_W39_V1,AC39197
gip,W39,Page 17,GIP_W39_V1,AC39198
gip,W39,Page 18,GIP_W39_V1,AC39065
gip,W39,Page 19,GIP_W39_V1,AC39067
gip,W39,Page 20,GIP_W39_V1,AC39199
gip,W39,Page 21,GIP_W39_V1,AC39200
gip,W39,Page 22,GIP_W39_V1,AC39201
gip,W39,Page 23,GIP_W39_V1,AC39202
gip,W39,Page 24,GIP_W39_V1,AC39207
gip,W39,Page 25,GIP_W39_V1,AC39183
gip,W39,Page 26,GIP_W39_V1,AC39203
gip,W39,Page 27,GIP_W39_V1,AC39161
gip,W39,Page 28,GIP_W39_V1,AC39163
gip,W39,Page 29,GIP_W39_V1,AC39204
gip,W39,Page 30,GIP_W39_V1,AC39208
gip,W39,Page 31,GIP_W39_V1,AC39205
gip,W39,Page 32,GIP_W39_V1,AC39206
gip,W39,Page 33,GIP_W39_V1,AE39096
gip,W39,Page 34,GIP_W39_V1,AE39097
gip,W39,Page 35,GIP_W39_V1,AE39098
gip,W39,Page 36,GIP_W39_V1,AE39099
gip,W39,Page 37,GIP_W39_V1,AE39100
gip,W39,Page 38,GIP_W39_V1,AE39101
gip,W39,Page 39,GIP_W39_V1,CM39001
gip,W39,Page 40,GIP_W39_V1,CM39002
gip,W39,Page 41,GIP_W39_V1,CM39003
gip,W39,Page 42,GIP_W39_V1,CM39004
gip,W39,Page 43,GIP_W39_V1,CM39005
gip,W39,Page 44,GIP_W39_V1,CM39006
gip,W39,Page 45,GIP_W39_V1,CM39007
gip,W39,Page 46,GIP_W39_V1,CM39008
gip,W39,Page 47,GIP_W39_V1,CM39009
gip,W39,Page 48,GIP_W39_V1,CM39010
gip,W39,Page 50,GIP_W39_V1,CM39012
gip,W39,Page 51,GIP_W39_V1,DZ39001
gip,W39,Page 52,GIP_W39_V1,DZ39002
gip,W39,Page 53,GIP_W39_V1,CJ39001
gip,W39,Page 53,GIP_W39_V1,CJ39001_a
gip,W39,Page 53,GIP_W39_V1,CJ39001_b
gip,W39,Page 53,GIP_W39_V1,CJ39001_c
gip,W39,Page 53,GIP_W39_V1,CJ39001_d
gip,W39,Page 53,GIP_W39_V1,CJ39001_e
gip,W39,Page 53,GIP_W39_V1,CJ39001_f
gip,W39,Page 53,GIP_W39_V1,CJ39001_g
gip,W39,Page 53,GIP_W39_V1,CJ39001_h
gip,W39,Page 53,GIP_W39_V1,CJ39001_i
gip,W39,Page 53,GIP_W39_V1,CJ39001_j
gip,W39,Page 53,GIP_W39_V1,CJ39001_k
gip,W39,Page 53,GIP_W39_V1,CJ39001_l
gip,W39,Page 53,GIP_W39_V1,CJ39001_m
gip,W39,Page 53,GIP_W39_V1,CJ39001_n
gip,W39,Page 53,GIP_W39_V1,CJ39001_o
gip,W39,Page 53,GIP_W39_V1,CJ39001_p
gip,W39,Page 54,GIP_W39_V1,ZJ39022
gip,W39,Page 55,GIP_W39_V1,ZJ39020
gip,W39,Page 56,GIP_W39_V1,QE39001
gip,W39,Page 57,GIP_W39_V1,QE39002
gip,W39,Page 58,GIP_W39_V1,QE39003
gip,W39,Page 59,GIP_W39_V1,QE39004
gip,W39,Page 60,GIP_W39_V1,QE39005
gip,W39,Page 61,GIP_W39_V1,QE39006
gip,W39,Page 62,GIP_W39_V1,QE39007
gip,W39,Page 63,GIP_W39_V1,QE39008_TXT
gip,W40,Page 2,GIP_W40_V1,ZF40098
gip,W40,Page 3,GIP_W40_V1,ZF40099
gip,W40,Page 4,GIP_W40_V1,ZF40100
gip,W40,Page 5,GIP_W40_V1,ZF40101
gip,W40,Page 6,GIP_W40_V1,ZF40102
gip,W40,Page 7,GIP_W40_V1,ZF40103
gip,W40,Page 8,GIP_W40_V1,ZF40104
gip,W40,Page 9,GIP_W40_V1,ZF40105
gip,W40,Page 10,GIP_W40_V1,ZF40106
gip,W40,Page 11,GIP_W40_V1,ZF40107
gip,W40,Page 12,GIP_W40_V1,ZF40108
gip,W40,Page 13,GIP_W40_V1,ZF40109
gip,W40,Page 14,GIP_W40_V1,ZF40110
gip,W40,Page 15,GIP_W40_V1,ZF40111
gip,W40,Page 16,GIP_W40_V1,ZF40112
gip,W40,Page 17,GIP_W40_V1,ZF40113
gip,W40,Page 18,GIP_W40_V1,ZF40114
gip,W40,Page 19,GIP_W40_V1,ZF40115
gip,W40,Page 20,GIP_W40_V1,ZF40117
gip,W40,Page 21,GIP_W40_V1,ZF40118
gip,W40,Page 22,GIP_W40_V1,ZF40119
gip,W40,Page 23,GIP_W40_V1,ZF40120
gip,W40,Page 24,GIP_W40_V1,ZF40121
gip,W40,Page 25,GIP_W40_V1,ZF40122
gip,W40,Page 26,GIP_W40_V1,ZF40123
gip,W40,Page 27,GIP_W40_V1,ZF40124
gip,W40,Page 28,GIP_W40_V1,ZF40125
gip,W40,Page 29,GIP_W40_V1,ZF40126
gip,W40,Page 30,GIP_W40_V1,ZF40127
gip,W40,Page 31,GIP_W40_V1,ZF40128
gip,W40,Page 32,GIP_W40_V1,ZF40129
gip,W40,Page 33,GIP_W40_V1,ZF40130
gip,W40,Page 34,GIP_W40_V1,ZF40131
gip,W40,Page 35,GIP_W40_V1,ZF40132
gip,W40,Page 36,GIP_W40_V1,ZF40133
gip,W40,Page 37,GIP_W40_V1,ZF40134
gip,W40,Page 38,GIP_W40_V1,ZF40135
gip,W40,Page 39,GIP_W40_V1,ZF40136
gip,W40,Page 40,GIP_W40_V1,ZH40032
gip,W40,Page 41,GIP_W40_V1,CG40001
gip,W40,Page 41,GIP_W40_V1,CG40003
gip,W40,Page 41,GIP_W40_V1,CG40007
gip,W40,Page 41,GIP_W40_V1,CG40006
gip,W40,Page 41,GIP_W40_V1,CG40005
gip,W40,Page 41,GIP_W40_V1,CG40004
gip,W40,Page 42,GIP_W40_V1,CG40001
gip,W40,Page 42,GIP_W40_V1,CG40003
gip,W40,Page 42,GIP_W40_V1,CG40007
gip,W40,Page 42,GIP_W40_V1,CG40006
gip,W40,Page 42,GIP_W40_V1,CG40005
gip,W40,Page 42,GIP_W40_V1,CG40004
gip,W40,Page 43,GIP_W40_V1,CG40103
gip,W40,Page 44,GIP_W40_V1,CG40104
gip,W40,Page 45,GIP_W40_V1,CG40102
gip,W40,Page 46,GIP_W40_V1,CG40095
gip,W40,Page 47,GIP_W40_V1,CG40096
gip,W40,Page 48,GIP_W40_V1,CG40105
gip,W40,Page 49,GIP_W40_V1,CG40100
gip,W40,Page 50,GIP_W40_V1,AJ40030
gip,W40,Page 51,GIP_W40_V1,AJ40031
gip,W40,Page 52,GIP_W40_V1,AJ40032
gip,W40,Page 53,GIP_W40_V1,AJ40004
gip,W40,Page 54,GIP_W40_V1,AJ40005
gip,W40,Page 55,GIP_W40_V1,AJ40033
gip,W40,Page 56,GIP_W40_V1,AJ40034
gip,W40,Page 57,GIP_W40_V1,AJ40035
gip,W40,Page 58,GIP_W40_V1,AJ40036
gip,W40,Page 59,GIP_W40_V1,AJ40037
gip,W40,Page 60,GIP_W40_V1,AJ40038
gip,W40,Page 61,GIP_W40_V1,AJ40039
gip,W40,Page 62,GIP_W40_V1,AJ40040
gip,W40,Page 63,GIP_W40_V1,AJ40041
gip,W40,Page 64,GIP_W40_V1,AJ40042
gip,W40,Page 66,GIP_W40_V1,AC40214
gip,W40,Page 67,GIP_W40_V1,AC40215
gip,W40,Page 68,GIP_W40_V1,AC40209
gip,W40,Page 69,GIP_W40_V1,AC40210
gip,W40,Page 70,GIP_W40_V1,AC40211
gip,W40,Page 71,GIP_W40_V1,AC40212
gip,W40,Page 72,GIP_W40_V1,AC40213
gip,W40,Page 73,GIP_W40_V1,AC40203
gip,W40,Page 74,GIP_W40_V1,CF40040
gip,W40,Page 75,GIP_W40_V1,CF40002
gip,W40,Page 76,GIP_W40_V1,CF40003
gip,W40,Page 77,GIP_W40_V1,CF40004
gip,W40,Page 78,GIP_W40_V1,CF40012
gip,W40,Page 79,GIP_W40_V1,CF40088
gip,W40,Page 80,GIP_W40_V1,CF40015
gip,W40,Page 81,GIP_W40_V1,QE40001
gip,W40,Page 82,GIP_W40_V1,QE40002
gip,W40,Page 83,GIP_W40_V1,QE40003
gip,W40,Page 84,GIP_W40_V1,QE40004
gip,W40,Page 85,GIP_W40_V1,QE40005
gip,W40,Page 86,GIP_W40_V1,QE40006
gip,W40,Page 87,GIP_W40_V1,QE40007
gip,W40,Page 88,GIP_W40_V1,QE40008_TXT
gip,W41,Page 2,GIP_W41_V1,RM41001
gip,W41,Page 3,GIP_W41_V1,RM41002
gip,W41,Page 3,GIP_W41_V1,RM41002_a
gip,W41,Page 3,GIP_W41_V1,RM41002_b
gip,W41,Page 3,GIP_W41_V1,RM41002_c
gip,W41,Page 3,GIP_W41_V1,RM41002_d
gip,W41,Page 3,GIP_W41_V1,RM41002_e
gip,W41,Page 3,GIP_W41_V1,RM41002_f
gip,W41,Page 3,GIP_W41_V1,RM41002_g
gip,W41,Page 3,GIP_W41_V1,RM41002_h
gip,W41,Page 4,GIP_W41_V1,RM41003
gip,W41,Page 5,GIP_W41_V1,RM41025_TXT
gip,W41,Page 6,GIP_W41_V1,RM41004
gip,W41,Page 7,GIP_W41_V1,RM41005
gip,W41,Page 7,GIP_W41_V1,RM41005_a
gip,W41,Page 7,GIP_W41_V1,RM41005_b
gip,W41,Page 7,GIP_W41_V1,RM41005_c
gip,W41,Page 7,GIP_W41_V1,RM41005_d
gip,W41,Page 7,GIP_W41_V1,RM41005_e
gip,W41,Page 7,GIP_W41_V1,RM41005_f
gip,W41,Page 7,GIP_W41_V1,RM41005_g
gip,W41,Page 7,GIP_W41_V1,RM41005_h
gip,W41,Page 7,GIP_W41_V1,RM41005_i
gip,W41,Page 7,GIP_W41_V1,RM41005_j
gip,W41,Page 8,GIP_W41_V1,RM41006
gip,W41,Page 9,GIP_W41_V1,RM41026_TXT
gip,W41,Page 10,GIP_W41_V1,RM41007
gip,W41,Page 11,GIP_W41_V1,RM41008
gip,W41,Page 12,GIP_W41_V1,RM41009
gip,W41,Page 13,GIP_W41_V1,RM41027_TXT
gip,W41,Page 14,GIP_W41_V1,RM41010
gip,W41,Page 15,GIP_W41_V1,RM41011
gip,W41,Page 16,GIP_W41_V1,RM41012
gip,W41,Page 17,GIP_W41_V1,RM41013
gip,W41,Page 18,GIP_W41_V1,RM41014
gip,W41,Page 19,GIP_W41_V1,RM41028_TXT
gip,W41,Page 20,GIP_W41_V1,RM41015
gip,W41,Page 21,GIP_W41_V1,RM41016
gip,W41,Page 22,GIP_W41_V1,CF41015
gip,W41,Page 23,GIP_W41_V1,RM41029_TXT
gip,W41,Page 24,GIP_W41_V1,RM41018
gip,W41,Page 25,GIP_W41_V1,RM41019
gip,W41,Page 26,GIP_W41_V1,RM41020
gip,W41,Page 26,GIP_W41_V1,RM41020_a
gip,W41,Page 26,GIP_W41_V1,RM41020_b
gip,W41,Page 26,GIP_W41_V1,RM41020_c
gip,W41,Page 26,GIP_W41_V1,RM41020_d
gip,W41,Page 26,GIP_W41_V1,RM41020_e
gip,W41,Page 26,GIP_W41_V1,RM41020_f
gip,W41,Page 26,GIP_W41_V1,RM41020_g
gip,W41,Page 26,GIP_W41_V1,RM41020_h
gip,W41,Page 26,GIP_W41_V1,RM41020_i
gip,W41,Page 26,GIP_W41_V1,RM41020_j
gip,W41,Page 27,GIP_W41_V1,RM41021
gip,W41,Page 27,GIP_W41_V1,RM41021_a
gip,W41,Page 27,GIP_W41_V1,RM41021_b
gip,W41,Page 27,GIP_W41_V1,RM41021_c
gip,W41,Page 27,GIP_W41_V1,RM41021_d
gip,W41,Page 27,GIP_W41_V1,RM41021_e
gip,W41,Page 27,GIP_W41_V1,RM41021_f
gip,W41,Page 27,GIP_W41_V1,RM41021_g
gip,W41,Page 27,GIP_W41_V1,RM41021_h
gip,W41,Page 27,GIP_W41_V1,RM41021_i
gip,W41,Page 27,GIP_W41_V1,RM41021_j
gip,W41,Page 28,GIP_W41_V1,RM41022
gip,W41,Page 28,GIP_W41_V1,RM41022_a
gip,W41,Page 28,GIP_W41_V1,RM41022_b
gip,W41,Page 28,GIP_W41_V1,RM41022_c
gip,W41,Page 28,GIP_W41_V1,RM41022_d
gip,W41,Page 28,GIP_W41_V1,RM41022_e
gip,W41,Page 28,GIP_W41_V1,RM41022_f
gip,W41,Page 28,GIP_W41_V1,RM41022_g
gip,W41,Page 28,GIP_W41_V1,RM41022_h
gip,W41,Page 28,GIP_W41_V1,RM41022_i
gip,W41,Page 28,GIP_W41_V1,RM41022_j
gip,W41,Page 28,GIP_W41_V1,RM41022_k
gip,W41,Page 29,GIP_W41_V1,RM41030_TXT
gip,W41,Page 30,GIP_W41_V1,RM41023
gip,W41,Page 31,GIP_W41_V1,RM41024
gip,W41,Page 32,GIP_W41_V1,CE41014
gip,W41,Page 33,GIP_W41_V1,CE41034
gip,W41,Page 34,GIP_W41_V1,CE41015
gip,W41,Page 35,GIP_W41_V1,CE41035
gip,W41,Page 36,GIP_W41_V1,CE41019
gip,W41,Page 37,GIP_W41_V1,CE41039
gip,W41,Page 38,GIP_W41_V1,CE41023
gip,W41,Page 39,GIP_W41_V1,CE41043
gip,W41,Page 40,GIP_W41_V1,CE41025
gip,W41,Page 41,GIP_W41_V1,CE41045
gip,W41,Page 42,GIP_W41_V1,CE41027
gip,W41,Page 43,GIP_W41_V1,CE41047
gip,W41,Page 44,GIP_W41_V1,CE41028
gip,W41,Page 45,GIP_W41_V1,CE41048
gip,W41,Page 46,GIP_W41_V1,CE41030
gip,W41,Page 47,GIP_W41_V1,CE41050
gip,W41,Page 48,GIP_W41_V1,CE41032
gip,W41,Page 49,GIP_W41_V1,CE41052
gip,W41,Page 50,GIP_W41_V1,CE41033
gip,W41,Page 51,GIP_W41_V1,CE41053
gip,W41,Page 52,GIP_W41_V1,CE41021
gip,W41,Page 53,GIP_W41_V1,CE41041
gip,W41,Page 54,GIP_W41_V1,CE41016
gip,W41,Page 55,GIP_W41_V1,CE41036
gip,W41,Page 56,GIP_W41_V1,CE41020
gip,W41,Page 57,GIP_W41_V1,CE41040
gip,W41,Page 58,GIP_W41_V1,CE41029
gip,W41,Page 59,GIP_W41_V1,CE41049
gip,W41,Page 60,GIP_W41_V1,CE41024
gip,W41,Page 61,GIP_W41_V1,CE41044
gip,W41,Page 62,GIP_W41_V1,ZJ41037
gip,W41,Page 63,GIP_W41_V1,ZJ41038
gip,W41,Page 64,GIP_W41_V1,ZJ41039
gip,W41,Page 65,GIP_W41_V1,ZH41052
gip,W41,Page 66,GIP_W41_V1,ZJ41040
gip,W41,Page 67,GIP_W41_V1,ZJ41041
gip,W41,Page 68,GIP_W41_V1,QE41001
gip,W41,Page 69,GIP_W41_V1,QE41002
gip,W41,Page 70,GIP_W41_V1,QE41003
gip,W41,Page 71,GIP_W41_V1,QE41004
gip,W41,Page 72,GIP_W41_V1,QE41005
gip,W41,Page 73,GIP_W41_V1,QE41006
gip,W41,Page 74,GIP_W41_V1,QE41007
gip,W41,Page 75,GIP_W41_V1,QE41008_TXT
gip,W42,Page 2,GIP_W42_V1,AJ42043
gip,W42,Page 3,GIP_W42_V1,AJ42044
gip,W42,Page 4,GIP_W42_V1,AJ42045
gip,W42,Page 5,GIP_W42_V1,AJ42046
gip,W42,Page 6,GIP_W42_V1,AJ42070
gip,W42,Page 7,GIP_W42_V1,AJ42047
gip,W42,Page 8,GIP_W42_V1,AJ42048
gip,W42,Page 9,GIP_W42_V1,AJ42049
gip,W42,Page 10,GIP_W42_V1,AJ42050
gip,W42,Page 11,GIP_W42_V1,ZF42137
gip,W42,Page 12,GIP_W42_V1,ZF42138
gip,W42,Page 13,GIP_W42_V1,ZF42139
gip,W42,Page 14,GIP_W42_V1,ZF42140
gip,W42,Page 15,GIP_W42_V1,ZF42141_TXT
gip,W42,Page 16,GIP_W42_V1,ZF42142_TXT
gip,W42,Page 17,GIP_W42_V1,AA42045_1
gip,W42,Page 18,GIP_W42_V1,AA42048_1
gip,W42,Page 19,GIP_W42_V1,AA42050_1
gip,W42,Page 20,GIP_W42_V1,AA42053_1
gip,W42,Page 21,GIP_W42_V1,AA42045_2
gip,W42,Page 22,GIP_W42_V1,AA42048_2
gip,W42,Page 23,GIP_W42_V1,AA42050_2
gip,W42,Page 24,GIP_W42_V1,AA42053_2
gip,W42,Page 25,GIP_W42_V1,AA42045_3
gip,W42,Page 26,GIP_W42_V1,AA42048_3
gip,W42,Page 27,GIP_W42_V1,AA42050_3
gip,W42,Page 28,GIP_W42_V1,AA42053_3
gip,W42,Page 29,GIP_W42_V1,AA42045_4
gip,W42,Page 30,GIP_W42_V1,AA42048_4
gip,W42,Page 31,GIP_W42_V1,AA42050_4
gip,W42,Page 32,GIP_W42_V1,AA42053_4
gip,W42,Page 33,GIP_W42_V1,AJ42051
gip,W42,Page 34,GIP_W42_V1,ZF42143_TXT
gip,W42,Page 35,GIP_W42_V1,ZF42144_TXT
gip,W42,Page 36,GIP_W42_V1,ZF42145
gip,W42,Page 37,GIP_W42_V1,ZF42146
gip,W42,Page 38,GIP_W42_V1,ZF42147
gip,W42,Page 39,GIP_W42_V1,ZF42148
gip,W42,Page 40,GIP_W42_V1,ZF42149
gip,W42,Page 41,GIP_W42_V1,ZF42150
gip,W42,Page 42,GIP_W42_V1,ZF42151
gip,W42,Page 43,GIP_W42_V1,ZF42152
gip,W42,Page 44,GIP_W42_V1,ZF42153
gip,W42,Page 45,GIP_W42_V1,ZF42154
gip,W42,Page 46,GIP_W42_V1,ZF42155
gip,W42,Page 47,GIP_W42_V1,ZF42156
gip,W42,Page 48,GIP_W42_V1,ZF42157
gip,W42,Page 49,GIP_W42_V1,ZF42158
gip,W42,Page 50,GIP_W42_V1,ZF42159
gip,W42,Page 51,GIP_W42_V1,ZF42160
gip,W42,Page 52,GIP_W42_V1,ZF42161
gip,W42,Page 53,GIP_W42_V1,ZF42162
gip,W42,Page 54,GIP_W42_V1,ZF42163
gip,W42,Page 55,GIP_W42_V1,ZF42164
gip,W42,Page 56,GIP_W42_V1,ZF42165
gip,W42,Page 57,GIP_W42_V1,ZF42166
gip,W42,Page 58,GIP_W42_V1,ZF42167
gip,W42,Page 59,GIP_W42_V1,ZF42168
gip,W42,Page 60,GIP_W42_V1,ZF42169
gip,W42,Page 61,GIP_W42_V1,ZF42170
gip,W42,Page 62,GIP_W42_V1,ZF42171
gip,W42,Page 63,GIP_W42_V1,ZF42172
gip,W42,Page 64,GIP_W42_V1,ZF42173
gip,W42,Page 65,GIP_W42_V1,ZF42174
gip,W42,Page 66,GIP_W42_V1,ZF42175
gip,W42,Page 67,GIP_W42_V1,ZF42176
gip,W42,Page 68,GIP_W42_V1,ZF42177
gip,W42,Page 69,GIP_W42_V1,ZF42178
gip,W42,Page 70,GIP_W42_V1,ZF42179
gip,W42,Page 71,GIP_W42_V1,ZF42180
gip,W42,Page 72,GIP_W42_V1,ZF42181
gip,W42,Page 73,GIP_W42_V1,ZF42182
gip,W42,Page 74,GIP_W42_V1,ZF42183
gip,W42,Page 75,GIP_W42_V1,ZF42184
gip,W42,Page 76,GIP_W42_V1,ZF42185
gip,W42,Page 77,GIP_W42_V1,ZF42186
gip,W42,Page 78,GIP_W42_V1,ZF42187
gip,W42,Page 79,GIP_W42_V1,ZF42188
gip,W42,Page 80,GIP_W42_V1,ZF42189
gip,W42,Page 81,GIP_W42_V1,ZF42190
gip,W42,Page 82,GIP_W42_V1,ZF42191
gip,W42,Page 83,GIP_W42_V1,ZF42192
gip,W42,Page 84,GIP_W42_V1,CG42106
gip,W42,Page 85,GIP_W42_V1,ZH42032
gip,W42,Page 86,GIP_W42_V1,CG42001
gip,W42,Page 86,GIP_W42_V1,CG42003
gip,W42,Page 86,GIP_W42_V1,CG42007
gip,W42,Page 86,GIP_W42_V1,CG42006
gip,W42,Page 86,GIP_W42_V1,CG42005
gip,W42,Page 86,GIP_W42_V1,CG42004
gip,W42,Page 87,GIP_W42_V1,CG42001
gip,W42,Page 87,GIP_W42_V1,CG42003
gip,W42,Page 87,GIP_W42_V1,CG42007
gip,W42,Page 87,GIP_W42_V1,CG42006
gip,W42,Page 87,GIP_W42_V1,CG42005
gip,W42,Page 87,GIP_W42_V1,CG42004
gip,W42,Page 88,GIP_W42_V1,CG42103
gip,W42,Page 89,GIP_W42_V1,CG42104
gip,W42,Page 90,GIP_W42_V1,CG42095
gip,W42,Page 91,GIP_W42_V1,CG42096
gip,W42,Page 92,GIP_W42_V1,CG42105
gip,W42,Page 93,GIP_W42_V1,CG42100
gip,W42,Page 94,GIP_W42_V1,AJ42052
gip,W42,Page 94,GIP_W42_V1,AJ42052_1
gip,W42,Page 94,GIP_W42_V1,AJ42052_2
gip,W42,Page 95,GIP_W42_V1,AJ42053
gip,W42,Page 95,GIP_W42_V1,AJ42053_1
gip,W42,Page 95,GIP_W42_V1,AJ42053_2
gip,W42,Page 96,GIP_W42_V1,AJ42054
gip,W42,Page 96,GIP_W42_V1,AJ42054_1
gip,W42,Page 96,GIP_W42_V1,AJ42054_2
gip,W42,Page 97,GIP_W42_V1,AJ42055
gip,W42,Page 97,GIP_W42_V1,AJ42055_1
gip,W42,Page 97,GIP_W42_V1,AJ42055_2
gip,W42,Page 98,GIP_W42_V1,AJ42056
gip,W42,Page 99,GIP_W42_V1,AJ42057
gip,W42,Page 100,GIP_W42_V1,AJ42058
gip,W42,Page 101,GIP_W42_V1,AJ42059_TXT
gip,W42,Page 102,GIP_W42_V1,AJ42060
gip,W42,Page 102,GIP_W42_V1,AJ42060_a
gip,W42,Page 102,GIP_W42_V1,AJ42060_b
gip,W42,Page 102,GIP_W42_V1,AJ42060_c
gip,W42,Page 102,GIP_W42_V1,AJ42060_d
gip,W42,Page 103,GIP_W42_V1,AJ42061_TXT
gip,W42,Page 104,GIP_W42_V1,AJ42062
gip,W42,Page 105,GIP_W42_V1,AJ42063_TXT
gip,W42,Page 106,GIP_W42_V1,AJ42064
gip,W42,Page 107,GIP_W42_V1,AJ42065_TXT
gip,W42,Page 108,GIP_W42_V1,AJ42066
gip,W42,Page 108,GIP_W42_V1,AJ42066_a
gip,W42,Page 108,GIP_W42_V1,AJ42066_b
gip,W42,Page 108,GIP_W42_V1,AJ42066_c
gip,W42,Page 108,GIP_W42_V1,AJ42066_d
gip,W42,Page 109,GIP_W42_V1,AJ42067_TXT
gip,W42,Page 110,GIP_W42_V1,AJ42068
gip,W42,Page 110,GIP_W42_V1,AJ42068_a
gip,W42,Page 110,GIP_W42_V1,AJ42068_b
gip,W42,Page 110,GIP_W42_V1,AJ42068_c
gip,W42,Page 110,GIP_W42_V1,AJ42068_d
gip,W42,Page 110,GIP_W42_V1,AJ42068_e
gip,W42,Page 112,GIP_W42_V1,ZF42193
gip,W42,Page 113,GIP_W42_V1,ZF42194
gip,W42,Page 114,GIP_W42_V1,ZF42195
gip,W42,Page 115,GIP_W42_V1,ZF42196
gip,W42,Page 116,GIP_W42_V1,ZF42197
gip,W42,Page 117,GIP_W42_V1,ZF42198
gip,W42,Page 118,GIP_W42_V1,ZF42199
gip,W42,Page 119,GIP_W42_V1,ZF42200
gip,W42,Page 120,GIP_W42_V1,ZF42201
gip,W42,Page 121,GIP_W42_V1,QE42001
gip,W42,Page 122,GIP_W42_V1,QE42002
gip,W42,Page 123,GIP_W42_V1,QE42003
gip,W42,Page 124,GIP_W42_V1,QE42004
gip,W42,Page 125,GIP_W42_V1,QE42005
gip,W42,Page 126,GIP_W42_V1,QE42006
gip,W42,Page 127,GIP_W42_V1,QE42007
gip,W42,Page 128,GIP_W42_V1,QE42008_TXT
gip,W43,Page 2,GIP_W43_V1,AA43401
gip,W43,Page 2,GIP_W43_V1,AA43402
gip,W43,Page 2,GIP_W43_V1,AA43403
gip,W43,Page 2,GIP_W43_V1,AA43404
gip,W43,Page 2,GIP_W43_V1,AA43401
gip,W43,Page 2,GIP_W43_V1,AA43402
gip,W43,Page 2,GIP_W43_V1,AA43403
gip,W43,Page 2,GIP_W43_V1,AA43404
gip,W43,Page 3,GIP_W43_V1,AA43405
gip,W43,Page 3,GIP_W43_V1,AA43406
gip,W43,Page 3,GIP_W43_V1,AA43407
gip,W43,Page 3,GIP_W43_V1,AA43408
gip,W43,Page 3,GIP_W43_V1,AA43400_TXT
gip,W43,Page 3,GIP_W43_V1,AA43405
gip,W43,Page 3,GIP_W43_V1,AA43406
gip,W43,Page 3,GIP_W43_V1,AA43407
gip,W43,Page 3,GIP_W43_V1,AA43408
gip,W43,Page 3,GIP_W43_V1,AA43400_TXT
gip,W43,Page 4,GIP_W43_V1,AA43409
gip,W43,Page 5,GIP_W43_V1,AA43410
gip,W43,Page 6,GIP_W43_V1,AA43210
gip,W43,Page 7,GIP_W43_V1,AA43411
gip,W43,Page 8,GIP_W43_V1,AA43412
gip,W43,Page 9,GIP_W43_V1,AA43211
gip,W43,Page 10,GIP_W43_V1,AA43307
gip,W43,Page 11,GIP_W43_V1,AA43308
gip,W43,Page 11,GIP_W43_V1,AA43308_a
gip,W43,Page 11,GIP_W43_V1,AA43308_b
gip,W43,Page 11,GIP_W43_V1,AA43308_c
gip,W43,Page 11,GIP_W43_V1,AA43308_d
gip,W43,Page 11,GIP_W43_V1,AA43308_e
gip,W43,Page 11,GIP_W43_V1,AA43308_f
gip,W43,Page 11,GIP_W43_V1,AA43308_g
gip,W43,Page 11,GIP_W43_V1,AA43308_h
gip,W43,Page 11,GIP_W43_V1,AA43308_i
gip,W43,Page 11,GIP_W43_V1,AA43308_j
gip,W43,Page 11,GIP_W43_V1,AA43308_k
gip,W43,Page 11,GIP_W43_V1,AA43308_l
gip,W43,Page 11,GIP_W43_V1,AA43308_m
gip,W43,Page 12,GIP_W43_V1,AA43004
gip,W43,Page 13,GIP_W43_V1,AA43057
gip,W43,Page 14,GIP_W43_V1,AA43413a
gip,W43,Page 14,GIP_W43_V1,AA43414a
gip,W43,Page 14,GIP_W43_V1,AA43415a
gip,W43,Page 14,GIP_W43_V1,AA43413a
gip,W43,Page 14,GIP_W43_V1,AA43414a
gip,W43,Page 14,GIP_W43_V1,AA43415a
gip,W43,Page 15,GIP_W43_V1,AA43413b
gip,W43,Page 15,GIP_W43_V1,AA43414b
gip,W43,Page 15,GIP_W43_V1,AA43415b
gip,W43,Page 15,GIP_W43_V1,AA43413b
gip,W43,Page 15,GIP_W43_V1,AA43414b
gip,W43,Page 15,GIP_W43_V1,AA43415b
gip,W43,Page 16,GIP_W43_V1,AA43413c
gip,W43,Page 16,GIP_W43_V1,AA43414c
gip,W43,Page 16,GIP_W43_V1,AA43415c
gip,W43,Page 16,GIP_W43_V1,AA43413c
gip,W43,Page 16,GIP_W43_V1,AA43414c
gip,W43,Page 16,GIP_W43_V1,AA43415c
gip,W43,Page 17,GIP_W43_V1,AA43413d
gip,W43,Page 17,GIP_W43_V1,AA43414d
gip,W43,Page 17,GIP_W43_V1,AA43415d
gip,W43,Page 17,GIP_W43_V1,AA43413d
gip,W43,Page 17,GIP_W43_V1,AA43414d
gip,W43,Page 17,GIP_W43_V1,AA43415d
gip,W43,Page 18,GIP_W43_V1,AA43413e
gip,W43,Page 18,GIP_W43_V1,AA43414e
gip,W43,Page 18,GIP_W43_V1,AA43415e
gip,W43,Page 18,GIP_W43_V1,AA43413e
gip,W43,Page 18,GIP_W43_V1,AA43414e
gip,W43,Page 18,GIP_W43_V1,AA43415e
gip,W43,Page 19,GIP_W43_V1,AA43413f
gip,W43,Page 19,GIP_W43_V1,AA43414f
gip,W43,Page 19,GIP_W43_V1,AA43415f
gip,W43,Page 19,GIP_W43_V1,AA43413f
gip,W43,Page 19,GIP_W43_V1,AA43414f
gip,W43,Page 19,GIP_W43_V1,AA43415f
gip,W43,Page 20,GIP_W43_V1,AA43413g
gip,W43,Page 20,GIP_W43_V1,AA43414g
gip,W43,Page 20,GIP_W43_V1,AA43415g
gip,W43,Page 20,GIP_W43_V1,AA43413g
gip,W43,Page 20,GIP_W43_V1,AA43414g
gip,W43,Page 20,GIP_W43_V1,AA43415g
gip,W43,Page 21,GIP_W43_V1,AA43413h
gip,W43,Page 21,GIP_W43_V1,AA43414h
gip,W43,Page 21,GIP_W43_V1,AA43415h
gip,W43,Page 21,GIP_W43_V1,AA43413h
gip,W43,Page 21,GIP_W43_V1,AA43414h
gip,W43,Page 21,GIP_W43_V1,AA43415h
gip,W43,Page 22,GIP_W43_V1,AA43413i
gip,W43,Page 22,GIP_W43_V1,AA43414i
gip,W43,Page 22,GIP_W43_V1,AA43415i
gip,W43,Page 22,GIP_W43_V1,AA43413i
gip,W43,Page 22,GIP_W43_V1,AA43414i
gip,W43,Page 22,GIP_W43_V1,AA43415i
gip,W43,Page 23,GIP_W43_V1,AA43413j
gip,W43,Page 23,GIP_W43_V1,AA43414j
gip,W43,Page 23,GIP_W43_V1,AA43415j
gip,W43,Page 23,GIP_W43_V1,AA43413j
gip,W43,Page 23,GIP_W43_V1,AA43414j
gip,W43,Page 23,GIP_W43_V1,AA43415j
gip,W43,Page 24,GIP_W43_V1,AA43413k
gip,W43,Page 24,GIP_W43_V1,AA43414k
gip,W43,Page 24,GIP_W43_V1,AA43415k
gip,W43,Page 24,GIP_W43_V1,AA43413k
gip,W43,Page 24,GIP_W43_V1,AA43414k
gip,W43,Page 24,GIP_W43_V1,AA43415k
gip,W43,Page 25,GIP_W43_V1,AA43413l
gip,W43,Page 25,GIP_W43_V1,AA43414l
gip,W43,Page 25,GIP_W43_V1,AA43415l
gip,W43,Page 25,GIP_W43_V1,AA43413l
gip,W43,Page 25,GIP_W43_V1,AA43414l
gip,W43,Page 25,GIP_W43_V1,AA43415l
gip,W43,Page 26,GIP_W43_V1,AA43413m
gip,W43,Page 26,GIP_W43_V1,AA43414m
gip,W43,Page 26,GIP_W43_V1,AA43415m
gip,W43,Page 26,GIP_W43_V1,AA43413m
gip,W43,Page 26,GIP_W43_V1,AA43414m
gip,W43,Page 26,GIP_W43_V1,AA43415m
gip,W43,Page 27,GIP_W43_V1,AA43413n
gip,W43,Page 27,GIP_W43_V1,AA43414n
gip,W43,Page 27,GIP_W43_V1,AA43415n
gip,W43,Page 27,GIP_W43_V1,AA43413n
gip,W43,Page 27,GIP_W43_V1,AA43414n
gip,W43,Page 27,GIP_W43_V1,AA43415n
gip,W43,Page 28,GIP_W43_V1,AA43413o
gip,W43,Page 28,GIP_W43_V1,AA43414o
gip,W43,Page 28,GIP_W43_V1,AA43415o
gip,W43,Page 28,GIP_W43_V1,AA43413o
gip,W43,Page 28,GIP_W43_V1,AA43414o
gip,W43,Page 28,GIP_W43_V1,AA43415o
gip,W43,Page 29,GIP_W43_V1,AA43413p
gip,W43,Page 29,GIP_W43_V1,AA43414p
gip,W43,Page 29,GIP_W43_V1,AA43415p
gip,W43,Page 29,GIP_W43_V1,AA43413p
gip,W43,Page 29,GIP_W43_V1,AA43414p
gip,W43,Page 29,GIP_W43_V1,AA43415p
gip,W43,Page 30,GIP_W43_V1,AA43413q
gip,W43,Page 30,GIP_W43_V1,AA43414q
gip,W43,Page 30,GIP_W43_V1,AA43415q
gip,W43,Page 30,GIP_W43_V1,AA43413q
gip,W43,Page 30,GIP_W43_V1,AA43414q
gip,W43,Page 30,GIP_W43_V1,AA43415q
gip,W43,Page 31,GIP_W43_V1,AA43413r
gip,W43,Page 31,GIP_W43_V1,AA43414r
gip,W43,Page 31,GIP_W43_V1,AA43415r
gip,W43,Page 31,GIP_W43_V1,AA43413r
gip,W43,Page 31,GIP_W43_V1,AA43414r
gip,W43,Page 31,GIP_W43_V1,AA43415r
gip,W43,Page 32,GIP_W43_V1,AA43413s
gip,W43,Page 32,GIP_W43_V1,AA43414s
gip,W43,Page 32,GIP_W43_V1,AA43415s
gip,W43,Page 32,GIP_W43_V1,AA43413s
gip,W43,Page 32,GIP_W43_V1,AA43414s
gip,W43,Page 32,GIP_W43_V1,AA43415s
gip,W43,Page 33,GIP_W43_V1,AA43430
gip,W43,Page 34,GIP_W43_V1,AA43303
gip,W43,Page 35,GIP_W43_V1,AA43305
gip,W43,Page 36,GIP_W43_V1,AA43450
gip,W43,Page 36,GIP_W43_V1,AA43450_a
gip,W43,Page 36,GIP_W43_V1,AA43450_b
gip,W43,Page 36,GIP_W43_V1,AA43450_c
gip,W43,Page 36,GIP_W43_V1,AA43450_d
gip,W43,Page 36,GIP_W43_V1,AA43450_e
gip,W43,Page 36,GIP_W43_V1,AA43450_f
gip,W43,Page 36,GIP_W43_V1,AA43450_g
gip,W43,Page 36,GIP_W43_V1,AA43450_h
gip,W43,Page 36,GIP_W43_V1,AA43450_i
gip,W43,Page 36,GIP_W43_V1,AA43450_j
gip,W43,Page 36,GIP_W43_V1,AA43450_k
gip,W43,Page 36,GIP_W43_V1,AA43450_l
gip,W43,Page 36,GIP_W43_V1,AA43450_m
gip,W43,Page 36,GIP_W43_V1,AA43450_n
gip,W43,Page 36,GIP_W43_V1,AA43450_o
gip,W43,Page 36,GIP_W43_V1,AA43450_p
gip,W43,Page 36,GIP_W43_V1,AA43450_q
gip,W43,Page 37,GIP_W43_V1,AA43451
gip,W43,Page 38,GIP_W43_V1,AA43006
gip,W43,Page 39,GIP_W43_V1,AA43452
gip,W43,Page 40,GIP_W43_V1,AA43453
gip,W43,Page 41,GIP_W43_V1,AA43454
gip,W43,Page 42,GIP_W43_V1,AA43455
gip,W43,Page 43,GIP_W43_V1,AA43456
gip,W43,Page 44,GIP_W43_V1,AA43457
gip,W43,Page 45,GIP_W43_V1,AA43458
gip,W43,Page 46,GIP_W43_V1,AA43427
gip,W43,Page 47,GIP_W43_V1,AA43428
gip,W43,Page 48,GIP_W43_V1,AA43429
gip,W43,Page 49,GIP_W43_V1,AA43309
gip,W43,Page 50,GIP_W43_V1,AA43440
gip,W43,Page 51,GIP_W43_V1,AA43023
gip,W43,Page 52,GIP_W43_V1,AA43024
gip,W43,Page 53,GIP_W43_V1,AA43025
gip,W43,Page 54,GIP_W43_V1,AA43026
gip,W43,Page 55,GIP_W43_V1,AA43027
gip,W43,Page 56,GIP_W43_V1,AA43028
gip,W43,Page 57,GIP_W43_V1,AA43029
gip,W43,Page 58,GIP_W43_V1,AA43030
gip,W43,Page 59,GIP_W43_V1,AA43031
gip,W43,Page 60,GIP_W43_V1,AA43032
gip,W43,Page 61,GIP_W43_V1,AA43033
gip,W43,Page 62,GIP_W43_V1,AA43034
gip,W43,Page 63,GIP_W43_V1,AA43035
gip,W43,Page 64,GIP_W43_V1,AA43040a
gip,W43,Page 65,GIP_W43_V1,AA43041a10
gip,W43,Page 66,GIP_W43_V1,AA43041a3
gip,W43,Page 67,GIP_W43_V1,AA43041a4
gip,W43,Page 68,GIP_W43_V1,AA43041a5
gip,W43,Page 69,GIP_W43_V1,AA43041a6
gip,W43,Page 70,GIP_W43_V1,AA43041a9
gip,W43,Page 71,GIP_W43_V1,AA43042
gip,W43,Page 72,GIP_W43_V1,AA43043
gip,W43,Page 74,GIP_W43_V1,AA43054
gip,W43,Page 75,GIP_W43_V1,AA43055
gip,W43,Page 76,GIP_W43_V1,AA43465
gip,W43,Page 77,GIP_W43_V1,AA43056
gip,W43,Page 78,GIP_W43_V1,AA43038
gip,W43,Page 79,GIP_W43_V1,QE43001
gip,W43,Page 80,GIP_W43_V1,QE43002
gip,W43,Page 81,GIP_W43_V1,QE43003
gip,W43,Page 82,GIP_W43_V1,QE43004
gip,W43,Page 83,GIP_W43_V1,QE43005
gip,W43,Page 84,GIP_W43_V1,QE43006
gip,W43,Page 85,GIP_W43_V1,QE43007
gip,W43,Page 86,GIP_W43_V1,QE43008_TXT
